example_id,source_example_id,source_dataset_index,prompt_id,question,generated_answer_clean,aliases,choices,correct_choice_label,correct_choice_text,generated_answer_raw,generated_answer_raw_repr,generated_answer_clean_repr,new_token_ids,first_content_token_id,first_content_token_text,first_content_token_prob,first_content_token_logprob,sequence_content_logprob_mean,sequence_content_logprob_sum,answer_length_tokens,answer_length_content_tokens,thinking_generated,prompt_mode,strict_correct,expanded_exact_correct,safe_contains_correct,deterministic_correct,deterministic_label_source,deterministic_label_quality,token_f1_max,alias_has_alternative_sep,predicted_letter,correct_letter,correct_text,normalized_prediction,original_alias_variants,expanded_alias_variants,prediction_variants,normalized_aliases,fuzzy_suggested,fuzzy_auto_accept,label_regime,exact_match,contains_alias,correct_auto,correct_primary,correct_strict,correct_expanded,correct_deterministic,label_source,label_quality,label_confidence,match_type,judge_needed,judge_verdict,judge_confidence,judge_reason,temporal_unstable,label_exclusion_reason,analysis_include_primary,analysis_include_high_quality,readout_position,readout_prompt_token,n_workspace_layers,all_entropy_topk_mean,all_entropy_topk_std,all_entropy_topk_min,all_entropy_topk_max,all_entropy_topk_slope,all_entropy_topk_last3_slope,all_top1_dominance_last3_max_minus_mean,all_effective_concepts_topk_mean,all_top1_dominance_topk_mean,all_top1_margin_mean,all_distinct_top1_count,all_top1_churn_rate,all_top5_jaccard_adjacent_mean,all_answer_token_best_rank,all_answer_token_mean_rank,mid_entropy_topk_mean,mid_entropy_topk_std,mid_entropy_topk_min,mid_entropy_topk_max,mid_entropy_topk_slope,mid_entropy_topk_last3_slope,mid_top1_dominance_last3_max_minus_mean,mid_effective_concepts_topk_mean,mid_top1_dominance_topk_mean,mid_top1_margin_mean,mid_distinct_top1_count,mid_top1_churn_rate,mid_top5_jaccard_adjacent_mean,mid_answer_token_best_rank,mid_answer_token_mean_rank,late_entropy_topk_mean,late_entropy_topk_std,late_entropy_topk_min,late_entropy_topk_max,late_entropy_topk_slope,late_entropy_topk_last3_slope,late_top1_dominance_last3_max_minus_mean,late_effective_concepts_topk_mean,late_top1_dominance_topk_mean,late_top1_margin_mean,late_distinct_top1_count,late_top1_churn_rate,late_top5_jaccard_adjacent_mean,late_answer_token_best_rank,late_answer_token_mean_rank,late_late_entropy_topk_mean,late_late_entropy_topk_std,late_late_entropy_topk_min,late_late_entropy_topk_max,late_late_entropy_topk_slope,late_late_entropy_topk_last3_slope,late_late_top1_dominance_last3_max_minus_mean,late_late_effective_concepts_topk_mean,late_late_top1_dominance_topk_mean,late_late_top1_margin_mean,late_late_distinct_top1_count,late_late_top1_churn_rate,late_late_top5_jaccard_adjacent_mean,late_late_answer_token_best_rank,late_late_answer_token_mean_rank,workspace_noise_score,layer_l33_entropy_topk,layer_l33_top1_dominance_topk,layer_l33_top1_margin,layer_l33_answer_token_rank,layer_l34_entropy_topk,layer_l34_top1_dominance_topk,layer_l34_top1_margin,layer_l34_answer_token_rank,layer_l33_l34_entropy_diff,is_wrong,is_wrong_strict,is_wrong_expanded,is_wrong_deterministic,correct_strict_bool,correct_expanded_bool,correct_primary_bool,analysis_include_primary_bool,analysis_include_high_quality_bool
ex_00024_f646f3e064f06423fc25b98500796cf0,f646f3e064f06423fc25b98500796cf0,24,prompt_ex_00024_f646f3e064f06423fc25b98500796cf0,"What is someone who isn't clever, bright, or competent called?",C) dull,['stupid'],"[{'label': 'A', 'text': 'clumsy'}, {'label': 'B', 'text': 'ineffectual'}, {'label': 'C', 'text': 'dull'}, {'label': 'D', 'text': 'clumsy'}, {'label': 'E', 'text': 'stupid'}]",E,stupid, C) dull.,' C) dull.','C) dull',"[356, 8, 40530, 13]",356, C,0.8541750907897949,-0.15761902928352356,-0.52483809718251,-2.09935238873004,4,4,False,mc_letter_v1,False,False,False,False,mc_letter_mismatch,high,0.0,False,C,E,stupid,C,[],[],[],['stupid'],False,False,mc_letter,False,False,True,True,False,False,False,llm_judge_correct,medium,medium,llm_judge_correct,True,correct,high,"The model answer 'dull' is semantically equivalent to the accepted answer 'stupid' in the context of describing someone who is not clever, bright, or competent.",False,,True,True,72, ,22,1.8601702831008218,1.0246883833943539,0.22101262211799622,3.238661289215088,-0.09104980869120897,-0.1316655278205872,0.18908522526423133,10.222494827508134,0.4981664385307919,1.2414772727272727,10,0.6666666666666666,0.40306122448979587,1,76027.68181818182,2.437859673391689,0.9833964040501857,0.22101262211799622,3.238661289215088,-0.254412716627121,-0.355528324842453,0.22319986422856652,15.756124354346207,0.35254655236547644,0.8522727272727273,7,0.7,0.367063492063492,26114,126312.27272727272,1.117415327578783,0.6283184456045037,0.4375356137752533,2.605717658996582,0.057571302212419975,-0.1316655278205872,0.18908522526423133,3.955204465489981,0.6905658878386021,1.7734375,4,0.5714285714285714,0.43990929705215415,1,3472.75,1.3225694119930267,0.7169507309412196,0.4375356137752533,2.605717658996582,-0.1868481069803238,-0.1316655278205872,0.18908522526423133,5.019339777901696,0.6805955588817596,2.2125,3,0.5,0.2698412698412698,1,19.8,1.3225694119930267,0.4375356137752533,0.9246850609779358,3.5,1,1.1520377397537231,0.7980301976203918,3.0625,1,-0.7145021259784698,False,True,True,True,False,False,True,True,True
ex_00057_63cf1adb5fe302b9867ead8bc8103d0b,63cf1adb5fe302b9867ead8bc8103d0b,57,prompt_ex_00057_63cf1adb5fe302b9867ead8bc8103d0b,Where would you go if you wanted to have fun with a few people?,E) fairgrounds,"[""friend's house""]","[{'label': 'A', 'text': 'watching television'}, {'label': 'B', 'text': 'good'}, {'label': 'C', 'text': 'cinema'}, {'label': 'D', 'text': ""friend's house""}, {'label': 'E', 'text': 'fairgrounds'}]",D,friend's house, E) fairgrounds,' E) fairgrounds','E) fairgrounds',"[468, 8, 6624, 62111]",468, E,0.8561965227127075,-0.15525531768798828,-0.22959676395612405,-0.9183870558244962,4,4,False,mc_letter_v1,False,False,False,False,mc_letter_mismatch,high,0.0,False,E,D,friend's house,E,[],[],[],['friend s house'],False,False,mc_letter,False,False,,,False,False,False,llm_judge_ambiguous_excluded,ambiguous,ambiguous,llm_judge_ambiguous_excluded,True,ambiguous,medium,"The accepted answer 'friend's house' is specific to a social setting with friends, while 'fairgrounds' is a more general and possibly time-sensitive location that may not always be the best answer for 'having fun with a few people.' The model answer is not semantically equivalent to the accepted answer, but it could be considered a valid context for fun, making the verdict ambiguous.",False,llm_judge_ambiguous,False,False,75, ,22,1.4314823782240802,1.0866544853247244,0.02135399729013443,3.445716142654419,-0.09237525093183549,-0.009591454640030866,0.0041400988896688196,7.440765492008546,0.6288107328794219,2.090909090909091,7,0.38095238095238093,0.4826152683295539,1,74617.13636363637,2.0476501882076263,1.119817719246988,0.14100122451782227,3.445716142654419,-0.22391307814554715,0.20368139445781716,0.04108774662017822,12.197605735173664,0.4754867458885366,1.3238636363636365,5,0.6,0.4325396825396825,3730,115995.0,0.7016416327096522,0.57713548729076,0.02135399729013443,1.4690558910369873,-0.1686743359924072,-0.009591454640030866,0.0041400988896688196,2.371608091202046,0.7980704195797443,3.0234375,3,0.2857142857142857,0.5510204081632653,1,2915.625,0.4350075341761112,0.4930418427964486,0.02135399729013443,1.248546838760376,-0.2651386022567751,-0.009591454640030866,0.0041400988896688196,1.7613166547523662,0.8997884273529053,4.1125,1,0.0,0.6071428571428571,1,1.0,0.4350075341761112,0.02135399729013443,0.9970043301582336,5.875,1,0.05795244500041008,0.9927729964256287,5.4375,1,-0.03659844771027565,,True,True,True,False,False,,False,False
ex_00065_2d33cde5e3987adc8fa2bca0af4dd3dd,2d33cde5e3987adc8fa2bca0af4dd3dd,65,prompt_ex_00065_2d33cde5e3987adc8fa2bca0af4dd3dd,Where is a human likely to go as a result of being hungry?,C) have lunch,['eat in restaurant'],"[{'label': 'A', 'text': 'eat in restaurant'}, {'label': 'B', 'text': 'make bread'}, {'label': 'C', 'text': 'have lunch'}, {'label': 'D', 'text': 'cook dinner'}, {'label': 'E', 'text': 'friends house'}]",A,eat in restaurant, C) have lunch,' C) have lunch','C) have lunch',"[356, 8, 614, 15786]",356, C,0.8993746638298035,-0.10605555027723312,-0.20208798616656054,-0.8083519446662422,4,4,False,mc_letter_v1,False,False,False,False,mc_letter_mismatch,high,0.0,False,C,A,eat in restaurant,C,[],[],[],['eat in restaurant'],False,False,mc_letter,False,False,,,False,False,False,llm_judge_ambiguous_excluded,ambiguous,ambiguous,llm_judge_ambiguous_excluded,True,ambiguous,medium,"The accepted answer 'eat in restaurant' is semantically related to the model answer 'have lunch', but 'have lunch' is a specific activity that may not cover all scenarios of being hungry. The answer is partially correct but not fully equivalent to the broader accepted answer.",False,llm_judge_ambiguous,False,False,76, ,22,1.7341725377535278,1.0705681928719577,0.051270391792058945,3.433502435684204,-0.055591128516220736,-0.5229783952236174,0.17200319965680444,9.357574544880409,0.5275517559864304,1.5653409090909092,10,0.5714285714285714,0.36621315192743764,1,76698.95454545454,2.3140062307092277,1.0333486455022678,0.051270391792058945,3.433502435684204,-0.1513560039075937,-1.1270164400339124,0.2756248166163763,14.300706613469229,0.3819929984482852,1.3920454545454546,6,0.5,0.33134920634920634,24468,122524.72727272728,1.1581916473805904,0.8598073409979968,0.19940480589866638,2.867659330368042,-0.022710054048470017,-0.5229783952236174,0.17200319965680444,4.86103269720209,0.6719009149819613,1.765625,4,0.7142857142857143,0.3917233560090703,1,3999.875,1.3819251835346222,1.0030449703372233,0.19940480589866638,2.867659330368042,-0.5968642503023149,-0.5229783952236174,0.17200319965680444,6.416893920700777,0.6150157243013382,1.9,3,0.5,0.3045634920634921,1,25.6,1.3819251835346222,0.19940480589866638,0.9664469957351685,3.875,1,0.3821370005607605,0.9445041418075562,4.375,1,-0.18273219466209412,,True,True,True,False,False,,False,False
ex_00071_c1c7a9efa379b8a7024a71cf364a144c,c1c7a9efa379b8a7024a71cf364a144c,71,prompt_ex_00071_c1c7a9efa379b8a7024a71cf364a144c,Sally used a clipboard to hold her papers while she read off names at the beginning of the day.  Where might she work?,A) desk,['school'],"[{'label': 'A', 'text': 'desk'}, {'label': 'B', 'text': 'windows 95'}, {'label': 'C', 'text': 'office supply store'}, {'label': 'D', 'text': 'see work'}, {'label': 'E', 'text': 'school'}]",E,school," A) desk
",' A) desk\n','A) desk',"[362, 8, 18010, 198]",362, A,0.9230465888977051,-0.08007553219795227,-0.3026280018821126,-0.9078840056463378,4,3,False,mc_letter_v1,False,False,False,False,mc_letter_mismatch,high,0.0,False,A,E,school,A,[],[],[],['school'],False,False,mc_letter,False,False,,,False,False,False,llm_judge_ambiguous_excluded,ambiguous,ambiguous,llm_judge_ambiguous_excluded,True,ambiguous,medium,"The accepted answer 'school' is a broad category, while 'desk' is a specific object. 'Desk' could be in a school, but it could also be in other places like an office or a home. The model answer is not semantically equivalent to the accepted answer, but it is not clearly incorrect either, making the verdict ambiguous.",False,llm_judge_ambiguous,False,False,88, ,22,1.931570821187713,0.8189847834019598,0.3289286196231842,3.3010950088500977,0.011156225510736724,-0.6383245885372163,0.2910868525505066,9.277881233780011,0.481485397300937,1.0767045454545454,11,0.6190476190476191,0.3732048374905518,1,79163.36363636363,2.00639302351258,0.8836935815876209,0.3289286196231842,3.3010950088500977,0.20144717991352082,0.14655423164367706,0.1469838172197342,10.306125857761215,0.4804841009053317,1.1534090909090908,6,0.5,0.47023809523809523,42342,135908.63636363635,1.8949039652943611,0.7292348639015085,0.4844818711280823,3.0214760303497314,-0.2725916937703174,-0.6383245885372163,0.2910868525505066,8.389286688427095,0.4768629837781191,1.046875,6,0.8571428571428571,0.30498866213151926,1,3162.375,1.618696939945221,0.7170696033088277,0.4844818711280823,2.352107286453247,-0.49124885797500634,-0.6383245885372163,0.2910868525505066,6.29651995465074,0.5124325335025788,1.0,4,1.0,0.24206349206349204,1,4.4,1.618696939945221,1.1592633724212646,0.6133732795715332,0.75,2,0.4844818711280823,0.9060636162757874,2.875,1,0.6747815012931824,,True,True,True,False,False,,False,False
ex_00112_80697d599280d994d8a584c95824ef1f,80697d599280d994d8a584c95824ef1f,112,prompt_ex_00112_80697d599280d994d8a584c95824ef1f,Where might an unused chess set be stored?,D) attic,['cupboard'],"[{'label': 'A', 'text': 'toy store'}, {'label': 'B', 'text': 'michigan'}, {'label': 'C', 'text': 'living room'}, {'label': 'D', 'text': 'attic'}, {'label': 'E', 'text': 'cupboard'}]",E,cupboard, D) attic.,' D) attic.','D) attic',"[422, 8, 73621, 13]",422, D,0.9768417477607727,-0.02343061752617359,-0.368991394956538,-1.475965579826152,4,4,False,mc_letter_v1,False,False,False,False,mc_letter_mismatch,high,0.0,False,D,E,cupboard,D,[],[],[],['cupboard'],False,False,mc_letter,False,False,,,False,False,False,llm_judge_ambiguous_excluded,ambiguous,ambiguous,llm_judge_ambiguous_excluded,True,ambiguous,medium,"The accepted answer 'cupboard' is a common storage place for an unused chess set, but 'attic' is a possible alternative. However, 'attic' is not explicitly listed as an accepted alias, and the question does not specify a particular context that would make 'attic' the only valid answer. Therefore, the model answer is not clearly equivalent to the accepted answer.",False,llm_judge_ambiguous,False,False,68, ,22,1.91281058029695,0.7763035369548719,0.7740849852561951,3.11845064163208,-0.034633404383344356,0.9040801823139192,0.24405140678087872,9.027280607782764,0.43725524707274005,0.8068181818181818,10,0.42857142857142855,0.6252834467120181,15,108702.36363636363,2.4744402278553355,0.5200596910584259,1.3857403993606567,3.11845064163208,-0.09134934490377246,-0.4531463980674743,0.1463095247745514,13.389099141303774,0.3050497689030387,0.6761363636363636,7,0.6,0.5369047619047619,140827,148448.54545454544,1.3715107589960098,0.6225387532917926,0.7740849852561951,2.704275369644165,0.16474216324942453,0.9040801823139192,0.24405140678087872,4.987919066317753,0.5227173529565334,0.6640625,3,0.2857142857142857,0.7619047619047619,15,56417.125,1.4974250316619873,0.7544234027535458,0.7740849852561951,2.704275369644165,0.45744653344154357,0.9040801823139192,0.24405140678087872,6.049816395592883,0.5083527386188507,0.6375,3,0.5,0.5833333333333333,15,11340.4,1.4974250316619873,2.0550997257232666,0.4010746479034424,0.25,129,2.704275369644165,0.17447713017463684,0.0625,15,-0.6491756439208984,,True,True,True,False,False,,False,False
ex_00117_9dffd2021771e0ecddb19031acf3701b,9dffd2021771e0ecddb19031acf3701b,117,prompt_ex_00117_9dffd2021771e0ecddb19031acf3701b,Where could a person avoid the rain?,B) tunnel,['synagogue'],"[{'label': 'A', 'text': 'bus stop'}, {'label': 'B', 'text': 'tunnel'}, {'label': 'C', 'text': 'synagogue'}, {'label': 'D', 'text': 'fairy tale'}, {'label': 'E', 'text': 'street corner'}]",C,synagogue, B) tunnel.,' B) tunnel.','B) tunnel',"[425, 8, 25629, 13]",425, B,0.9307718276977539,-0.07174112647771835,-0.2809554972918704,-1.1238219891674817,4,4,False,mc_letter_v1,False,False,False,False,mc_letter_mismatch,high,0.0,False,B,C,synagogue,B,[],[],[],['synagogue'],False,False,mc_letter,False,False,,,False,False,False,llm_judge_ambiguous_excluded,ambiguous,ambiguous,llm_judge_ambiguous_excluded,True,ambiguous,medium,"The accepted answer 'synagogue' is not semantically equivalent to 'tunnel' and does not logically represent a place where one could avoid the rain. However, the question is vague and does not specify the context or constraints, leading to potential ambiguity in the model's answer.",False,llm_judge_ambiguous,False,False,67, ,22,1.8137659281492233,0.939537082690296,0.3222140073776245,3.322434425354004,-0.03398941532156011,0.050184518098831246,0.08508414030075073,9.163352252886465,0.5328620272603902,1.4744318181818181,10,0.5714285714285714,0.3078231292517007,1,74303.27272727272,2.513689035719091,0.6339353388519273,0.880750834941864,3.322434425354004,-0.04860339814966357,0.00761330127716064,0.27420831720034283,14.479070183924154,0.3179891583594409,0.7215909090909091,6,0.8,0.2007936507936508,10872,115479.36363636363,1.2446317374706268,0.6648060904336134,0.3222140073776245,2.6012001037597656,-0.08234674306142889,0.050184518098831246,0.08508414030075073,4.46101010577522,0.7252900488674641,2.3125,3,0.2857142857142857,0.4087301587301587,1,1932.0,1.1204572558403014,0.5162377775991118,0.3222140073776245,1.7845498323440552,-0.2786757826805115,0.050184518098831246,0.08508414030075073,3.47670913143108,0.7709084510803222,2.575,3,0.5,0.3194444444444444,1,14.8,1.1204572558403014,0.3222140073776245,0.9346926808357239,3.125,1,1.0140048265457153,0.8224669694900513,3.0,1,-0.6917908191680908,,True,True,True,False,False,,False,False
ex_00132_b1f36d1c8ab7e5a28783cb38e8709c27,b1f36d1c8ab7e5a28783cb38e8709c27,132,prompt_ex_00132_b1f36d1c8ab7e5a28783cb38e8709c27,"The victim was to take stand today, they were going to do what?",A) testify,['testify'],"[{'label': 'A', 'text': 'testify'}, {'label': 'B', 'text': 'runaway'}, {'label': 'C', 'text': 'witness'}, {'label': 'D', 'text': 'tell truth'}, {'label': 'E', 'text': 'go home'}]",A,testify," A) testify

",' A) testify\n\n','A) testify',"[362, 8, 48162, 271]",362, A,0.9860072731971741,-0.014091516844928265,-0.1537018783080081,-0.46110563492402434,4,3,False,mc_letter_v1,True,True,True,True,mc_letter_exact,high,1.0,False,A,A,testify,A,[],[],[],['testify'],False,False,mc_letter,True,True,,,True,True,True,temporal_unstable_excluded,ambiguous,ambiguous,temporal_unstable_excluded,False,,,,True,temporal_unstable,False,False,73, ,22,1.7576978396285663,0.7838941755119553,0.4273444414138794,3.0239052772521973,-0.033003656188355254,0.2675536870956427,0.4507606476545334,7.713962165744954,0.510608743537556,1.28125,8,0.38095238095238093,0.5432728647014361,3,108998.31818181818,2.2279756611043755,0.5624427505521767,1.3256384134292603,3.0239052772521973,-0.05092558210546315,-0.6010201573371884,0.16969344516595203,10.698650807002627,0.3865158354694193,0.8977272727272727,4,0.3,0.6285714285714286,139408,149315.0909090909,1.236241064965725,0.7886644515877738,0.4273444414138794,2.7480952739715576,0.21189955089773443,0.2675536870956427,0.4507606476545334,4.9150071063936895,0.6573287229984999,1.9453125,4,0.42857142857142855,0.36281179138321995,3,64695.0,1.517156183719635,0.8801096954170678,0.4273444414138794,2.7480952739715576,0.30371589660644527,0.2675536870956427,0.4507606476545334,6.559997622562376,0.5592173188924789,1.5125,4,0.75,0.1349206349206349,3,15390.6,1.517156183719635,0.4273444414138794,0.92061448097229,3.5,106,2.7480952739715576,0.18673531711101532,0.0625,3,-2.3207508325576782,,False,False,False,True,True,,False,False
ex_00140_30e66db11e0257a14a17108b90cd69fb,30e66db11e0257a14a17108b90cd69fb,140,prompt_ex_00140_30e66db11e0257a14a17108b90cd69fb,"Jan tested the current, and noticed that it was high.  He thought that the wires might have too much what?",D) resistance,['resistance'],"[{'label': 'A', 'text': 'later'}, {'label': 'B', 'text': 'updated'}, {'label': 'C', 'text': 'still'}, {'label': 'D', 'text': 'resistance'}, {'label': 'E', 'text': 'now'}]",D,resistance, D) resistance.,' D) resistance.','D) resistance',"[422, 8, 13643, 13]",422, D,0.967264711856842,-0.03328308090567589,-0.3166269120774814,-1.2665076483099256,4,4,False,mc_letter_v1,True,True,True,True,mc_letter_exact,high,1.0,False,D,D,resistance,D,[],[],[],['resistance'],False,False,mc_letter,True,True,,,True,True,True,temporal_unstable_excluded,ambiguous,ambiguous,temporal_unstable_excluded,False,,,,True,temporal_unstable,False,False,80, ,22,1.7666218605908481,0.9568369360621135,0.26612886786460876,3.2843642234802246,-0.01614397720453226,-0.3568194508552549,0.09260696172714233,8.53565315622403,0.5264349545944821,1.5170454545454546,11,0.5714285714285714,0.322562358276644,6,110342.40909090909,2.386129536411979,0.6295616789417463,0.7932648062705994,3.2843642234802246,-0.03059400590983299,-0.7604794800281527,0.34291592737038934,12.698752553326683,0.36753992465409363,0.9090909090909091,6,0.6,0.3281746031746032,145070,150158.45454545456,1.2563419975340366,0.8130041366232985,0.29778799414634705,2.4000954627990723,0.16838760496605013,-0.3568194508552549,0.09260696172714233,4.814459020141731,0.6367404386401176,1.640625,4,0.5714285714285714,0.32653061224489793,6,63950.125,1.3869943797588349,0.67495537191301,0.29778799414634705,2.333331823348999,0.23867407143115987,-0.3568194508552549,0.09260696172714233,4.925935813440318,0.577223002910614,1.3,3,0.75,0.3492063492063492,6,18393.0,1.3869943797588349,1.6044870615005493,0.48131537437438965,0.625,1338,1.6196929216384888,0.42982134222984314,0.125,6,-0.015205860137939453,,False,False,False,True,True,,False,False
ex_00177_fa1f17ca535c7e875f4f58510dc2f430,fa1f17ca535c7e875f4f58510dc2f430,177,prompt_ex_00177_fa1f17ca535c7e875f4f58510dc2f430,What is a person called who doesn't have immortality?,A) mortal,['mortal'],"[{'label': 'A', 'text': 'mortal'}, {'label': 'B', 'text': 'dying'}, {'label': 'C', 'text': 'death'}, {'label': 'D', 'text': 'dead'}, {'label': 'E', 'text': 'mortal'}]",E,mortal," A) mortal
",' A) mortal\n','A) mortal',"[362, 8, 48872, 198]",362, A,0.9190946817398071,-0.084366075694561,-0.17902021606763205,-0.5370606482028961,4,3,False,mc_letter_v1,False,False,False,False,mc_letter_mismatch,high,0.0,False,A,E,mortal,A,[],[],[],['mortal'],False,False,mc_letter,False,False,True,True,False,False,False,llm_judge_correct,medium,medium,llm_judge_correct,True,correct,high,The model answer 'A) mortal' is semantically equivalent to the accepted answer 'mortal' and is a valid shorter form of the compound answer.,False,,True,True,68, ,22,1.994994342327118,0.8763757223070228,0.11405831575393677,3.023735523223877,-0.063748397711372,-0.5273289680480958,0.17075245579083764,9.879216521205139,0.43360762298107147,1.1193181818181819,15,0.7142857142857143,0.37811791383219956,1,68602.81818181818,2.2774785377762536,0.9355603120746923,0.11405831575393677,3.023735523223877,-0.2256557887250726,-0.8425987362861634,0.25733276208241784,12.761137722438582,0.38217508657412097,1.2159090909090908,6,0.6,0.3853174603174603,6452,116797.90909090909,1.636493243277073,0.8161601522438791,0.48450928926467896,2.978482484817505,-0.14027956766741606,-0.5273289680480958,0.17075245579083764,7.069264523882975,0.5135770905762911,1.21875,8,1.0,0.3645124716553288,1,583.375,1.6221817135810852,1.0005617485845255,0.48450928926467896,2.978482484817505,-0.6341139972209937,-0.5273289680480958,0.17075245579083764,7.995571613324644,0.5186543017625809,1.275,5,1.0,0.36408730158730157,1,8.6,1.6221817135810852,0.48450928926467896,0.8978811502456665,2.75,2,0.5565584897994995,0.8854956030845642,2.5,1,-0.07204920053482056,False,True,True,True,False,False,True,True,True
ex_00182_2c845646032bbf27fb3904330d59d324,2c845646032bbf27fb3904330d59d324,182,prompt_ex_00182_2c845646032bbf27fb3904330d59d324,Where can children play with animals?,D) zoos,['fairgrounds'],"[{'label': 'A', 'text': 'meadow'}, {'label': 'B', 'text': 'play room'}, {'label': 'C', 'text': 'surface of earth'}, {'label': 'D', 'text': 'zoos'}, {'label': 'E', 'text': 'fairgrounds'}]",E,fairgrounds, D) zoos,' D) zoos','D) zoos',"[422, 8, 18741, 436]",422, D,0.9627992510795593,-0.037910349667072296,-0.16346370719838887,-0.6538548287935555,4,4,False,mc_letter_v1,False,False,False,False,mc_letter_mismatch,high,0.0,False,D,E,fairgrounds,D,[],[],[],['fairgrounds'],False,False,mc_letter,False,False,,,False,False,False,llm_judge_ambiguous_excluded,ambiguous,ambiguous,llm_judge_ambiguous_excluded,True,ambiguous,medium,"While zoos are places where children can play with animals, the accepted answer 'fairgrounds' is more specific to events where animals are often present for entertainment. The model answer 'zoos' is partially correct but not fully equivalent to the accepted answer, leading to ambiguity.",False,llm_judge_ambiguous,False,False,69, ,22,1.8185753111134877,0.8989318507874564,0.13808052241802216,3.1307296752929688,-0.025162914011654772,-0.5354849994182586,0.1380576093991598,8.549677272899226,0.5111694322390989,1.4289772727272727,9,0.42857142857142855,0.3919123204837491,1,71126.45454545454,2.1680817278948696,0.7505126904346052,0.3611114025115967,3.1307296752929688,-0.054050152952020813,-0.37286740541458113,0.2782703936100006,10.93785465714889,0.4210986373099414,0.9431818181818182,6,0.5,0.37301587301587297,2595,112334.45454545454,1.5831194501370192,0.8781590822366134,0.13808052241802216,2.602003574371338,-0.24414108995170802,-0.5354849994182586,0.1380576093991598,6.645224627535745,0.5416455771774054,1.5234375,4,0.42857142857142855,0.423469387755102,1,772.375,1.3327294796705247,0.9832113121485667,0.13808052241802216,2.602003574371338,-0.6240370705723766,-0.5354849994182586,0.1380576093991598,5.831070056982812,0.6086170524358749,1.9375,2,0.25,0.38392857142857145,1,5.8,1.3327294796705247,0.13808052241802216,0.9768323302268982,4.25,1,0.3214564919471741,0.9442398548126221,3.5625,1,-0.18337596952915192,,True,True,True,False,False,,False,False
