example_id,source_example_id,source_dataset_index,prompt_id,question,generated_answer_clean,aliases,choices,correct_choice_label,correct_choice_text,generated_answer_raw,generated_answer_raw_repr,generated_answer_clean_repr,new_token_ids,first_content_token_id,first_content_token_text,first_content_token_prob,first_content_token_logprob,sequence_content_logprob_mean,sequence_content_logprob_sum,answer_length_tokens,answer_length_content_tokens,thinking_generated,prompt_mode,normalized_prediction,original_alias_variants,expanded_alias_variants,prediction_variants,normalized_aliases,strict_correct,expanded_exact_correct,safe_contains_correct,safe_contains_info,fuzzy_suggested,fuzzy_auto_accept,fuzzy_info,deterministic_correct,deterministic_label_source,deterministic_label_quality,token_f1_max,alias_has_alternative_sep,exact_match,contains_alias,correct_auto,correct_primary,correct_strict,correct_expanded,correct_deterministic,label_source,label_quality,label_confidence,match_type,judge_needed,judge_verdict,judge_confidence,judge_reason,temporal_unstable,label_exclusion_reason,analysis_include_primary,analysis_include_high_quality,readout_position,readout_prompt_token,n_workspace_layers,all_entropy_topk_mean,all_entropy_topk_std,all_entropy_topk_min,all_entropy_topk_max,all_entropy_topk_slope,all_entropy_topk_last3_slope,all_top1_dominance_last3_max_minus_mean,all_effective_concepts_topk_mean,all_top1_dominance_topk_mean,all_top1_margin_mean,all_distinct_top1_count,all_top1_churn_rate,all_top5_jaccard_adjacent_mean,all_answer_token_best_rank,all_answer_token_mean_rank,mid_entropy_topk_mean,mid_entropy_topk_std,mid_entropy_topk_min,mid_entropy_topk_max,mid_entropy_topk_slope,mid_entropy_topk_last3_slope,mid_top1_dominance_last3_max_minus_mean,mid_effective_concepts_topk_mean,mid_top1_dominance_topk_mean,mid_top1_margin_mean,mid_distinct_top1_count,mid_top1_churn_rate,mid_top5_jaccard_adjacent_mean,mid_answer_token_best_rank,mid_answer_token_mean_rank,late_entropy_topk_mean,late_entropy_topk_std,late_entropy_topk_min,late_entropy_topk_max,late_entropy_topk_slope,late_entropy_topk_last3_slope,late_top1_dominance_last3_max_minus_mean,late_effective_concepts_topk_mean,late_top1_dominance_topk_mean,late_top1_margin_mean,late_distinct_top1_count,late_top1_churn_rate,late_top5_jaccard_adjacent_mean,late_answer_token_best_rank,late_answer_token_mean_rank,late_late_entropy_topk_mean,late_late_entropy_topk_std,late_late_entropy_topk_min,late_late_entropy_topk_max,late_late_entropy_topk_slope,late_late_entropy_topk_last3_slope,late_late_top1_dominance_last3_max_minus_mean,late_late_effective_concepts_topk_mean,late_late_top1_dominance_topk_mean,late_late_top1_margin_mean,late_late_distinct_top1_count,late_late_top1_churn_rate,late_late_top5_jaccard_adjacent_mean,late_late_answer_token_best_rank,late_late_answer_token_mean_rank,workspace_noise_score,layer_l33_entropy_topk,layer_l33_top1_dominance_topk,layer_l33_top1_margin,layer_l33_answer_token_rank,layer_l34_entropy_topk,layer_l34_top1_dominance_topk,layer_l34_top1_margin,layer_l34_answer_token_rank,layer_l33_l34_entropy_diff,is_wrong,is_wrong_strict,is_wrong_expanded,is_wrong_deterministic,correct_strict_bool,correct_expanded_bool,correct_primary_bool,analysis_include_primary_bool,analysis_include_high_quality_bool,is_wrong_primary,first_content_token_prob_num,workspace_noise_score_num,high_confidence,workspace_noisy,quadrant
ex_00026_5adf37a95542995ec70e8f97,5adf37a95542995ec70e8f97,26,prompt_ex_00026_5adf37a95542995ec70e8f97,"The 2011–12 VCU Rams men's basketball team, led by third year head coach Shaka Smart, represented Virginia Commonwealth University which was founded in what year?",1834. The Virginia Commonwealth University was founded in 183,['1838'],,,,1834. The Virginia Commonwealth University was founded in 183,'1834. The Virginia Commonwealth University was founded in 183','1834. The Virginia Commonwealth University was founded in 183',"[16, 23, 18, 19, 13, 576, 12989, 37198, 3822, 572, 18047, 304, 220, 16, 23, 18]",16.0,1,0.9999996423721313,-3.576278118089249e-07,-0.09395708818248778,-1.4093563227373167,16,15,False,short_answer_v1,1834 virginia commonwealth university was founded in 183,"[{'raw': '1838', 'normalized': '1838', 'source': 'alias_original_only:original'}]","[{'raw': '1838', 'normalized': '1838', 'source': 'alias:original'}]","[{'raw': '1834. The Virginia Commonwealth University was founded in 183', 'normalized': '1834 virginia commonwealth university was founded in 183', 'source': 'prediction:original'}]",['1838'],False,False,False,,False,False,"{'ratio': 0.13333333333333333, 'prediction': '1834 virginia commonwealth university was founded in 183', 'alias': '1838'}",False,deterministic_no_match,high,0.0,False,False,False,False,False,False,False,False,llm_judge_incorrect,medium,medium,llm_judge_incorrect,True,incorrect,high,"The accepted answer is 1838, but the model answer states 1834, which is historically incorrect. Virginia Commonwealth University was indeed founded in 1838, not 1834.",False,,True,True,60, ,22,2.175220613643019,1.0151555836750565,0.0021828901953995228,3.382352352142334,-0.036217469867962496,-1.3188276642467827,0.5153280347585678,13.344353879212322,0.38163043694062665,1.0028409090909092,16,0.8571428571428571,0.3293650793650794,1.0,44671.454545454544,2.8031774759292603,0.6236557591662492,1.5770134925842285,3.382352352142334,-0.1484631354158574,0.1623874306678774,0.08146802584330243,19.322337422665573,0.22371955622326245,0.3465909090909091,8,1.0,0.33690476190476193,13373.0,69253.36363636363,1.662716320308391,1.0542057770385296,0.0021828901953995228,3.087604522705078,0.0680701077993338,-1.3188276642467827,0.5153280347585678,8.730666060577807,0.5295544601976871,1.90625,5,0.5714285714285714,0.31462585034013607,1.0,23243.125,1.8848363497294485,1.277354476421242,0.0021828901953995228,3.087604522705078,-0.15137499785050756,-1.3188276642467827,0.5153280347585678,11.755706789611368,0.4627517282962799,2.275,4,0.75,0.2767857142857143,1.0,5892.2,1.8848363497294485,2.9862003326416016,0.23047196865081787,0.1875,1.0,0.0021828901953995228,0.9998272061347961,10.25,1.0,2.984017442446202,True,True,True,True,False,False,False,True,True,True,0.9999996423721313,1.8848363497294485,True,True,high_confidence__noisy_workspace
ex_01644_5a773d8955429966f1a36cc4,5a773d8955429966f1a36cc4,1644,prompt_ex_01644_5a773d8955429966f1a36cc4,What is the first year that the second largest university in Alabama fielded a football team?,1912. The second largest university in Alabama is the University of Alabama,['1892'],,,,1912. The second largest university in Alabama is the University of Alabama,'1912. The second largest university in Alabama is the University of Alabama','1912. The second largest university in Alabama is the University of Alabama',"[16, 24, 16, 17, 13, 576, 2086, 7772, 12103, 304, 20623, 374, 279, 3822, 315, 20623]",16.0,1,0.9999250173568726,-7.497983460780233e-05,-0.24405033054153336,-3.9048052886645337,16,16,False,short_answer_v1,1912 second largest university in alabama is university of alabama,"[{'raw': '1892', 'normalized': '1892', 'source': 'alias_original_only:original'}]","[{'raw': '1892', 'normalized': '1892', 'source': 'alias:original'}]","[{'raw': '1912. The second largest university in Alabama is the University of Alabama', 'normalized': '1912 second largest university in alabama is university of alabama', 'source': 'prediction:original'}]",['1892'],False,False,False,,False,False,"{'ratio': 0.08571428571428572, 'prediction': '1912 second largest university in alabama is university of alabama', 'alias': '1892'}",False,deterministic_no_match,high,0.0,False,False,False,False,False,False,False,False,llm_judge_incorrect,medium,medium,llm_judge_incorrect,True,incorrect,high,"The accepted answer is 1892, but the model answer is 1912. The model answer is clearly a different year, and the statement about the University of Alabama being the second largest in Alabama is factually incorrect. The University of Alabama is the largest, and the second largest is the University of Alabama at Birmingham (UAB), which did not field a football team in 1912.",False,,True,True,40, ,22,2.672645617784424,0.8771625505566217,0.029335979372262955,3.5318408012390137,-0.0884780604003143,-1.5649758558720352,0.30410121381282806,18.505972607921368,0.3076541332358664,0.9914772727272727,15,0.7142857142857143,0.23242630385487523,1.0,41854.90909090909,3.0461350787769663,0.36412831581303223,2.148184299468994,3.5318408012390137,-0.04032395969737655,0.5531662702560429,0.14753089596827823,22.284298431682135,0.22028862278569827,0.5852272727272727,9,0.8,0.2579365079365079,16479.0,65854.63636363637,1.9895599042065442,1.0917982788068437,0.029335979372262955,3.168606758117676,-0.2969876056359634,-1.5649758558720352,0.30410121381282806,11.645865366246706,0.47161744348704815,1.78125,4,0.5714285714285714,0.20578231292517007,1.0,15236.625,1.7096542604267597,1.1141400400706076,0.029335979372262955,3.159287691116333,-0.5129826895892623,-1.5649758558720352,0.30410121381282806,9.2878824962032,0.5779640287160873,2.6,3,0.5,0.11805555555555555,1.0,4512.2,1.7096542604267597,0.9852622747421265,0.8449682593345642,3.8125,1.0,0.029335979372262955,0.9963774085044861,6.125,1.0,0.9559262953698635,True,True,True,True,False,False,False,True,True,True,0.9999250173568726,1.7096542604267597,True,True,high_confidence__noisy_workspace
ex_05448_5adfb992554299603e418391,5adfb992554299603e418391,5448,prompt_ex_05448_5adfb992554299603e418391,What year was the inventor of Rejuvelac born?,"1842. The inventor of Rejuvelac, which is a",['1909'],,,,"1842. The inventor of Rejuvelac, which is a","'1842. The inventor of Rejuvelac, which is a'","'1842. The inventor of Rejuvelac, which is a'","[16, 23, 19, 17, 13, 576, 70901, 315, 1032, 8613, 889, 580, 11, 892, 374, 264]",16.0,1,0.9998839497566223,-0.0001161031104857102,-0.3712676106624424,-5.9402817705990785,16,16,False,short_answer_v1,1842 inventor of rejuvelac which is,"[{'raw': '1909', 'normalized': '1909', 'source': 'alias_original_only:original'}]","[{'raw': '1909', 'normalized': '1909', 'source': 'alias:original'}]","[{'raw': '1842. The inventor of Rejuvelac, which is a', 'normalized': '1842 inventor of rejuvelac which is', 'source': 'prediction:original'}]",['1909'],False,False,False,,False,False,"{'ratio': 0.05128205128205128, 'prediction': '1842 inventor of rejuvelac which is', 'alias': '1909'}",False,deterministic_no_match,high,0.0,False,False,False,False,False,False,False,False,llm_judge_incorrect,medium,medium,llm_judge_incorrect,True,incorrect,high,"The accepted answer is 1909, which is the correct birth year of the inventor of Rejuvelac. The model answer of 1842 is clearly different and incorrect.",False,,True,True,34, ,22,1.3423418409021741,1.1509815856404177,0.005361445248126984,3.4950432777404785,0.07933507103447705,-0.9578331140801307,0.27903066078821814,7.164309760828653,0.657424006272446,3.2017045454545454,5,0.23809523809523808,0.4544595616024187,1.0,33989.045454545456,0.6570466178554025,0.8226272570370513,0.005361445248126984,2.3939337730407715,0.22124169473112984,0.43550688028335593,0.04962310194969177,2.8885874195679446,0.8252304033799605,4.511363636363637,2,0.1,0.4325396825396825,17715.0,64236.181818181816,2.1855216913390905,0.9475877789983795,0.025538796558976173,3.4950432777404785,-0.2532553109783854,-0.9578331140801307,0.27903066078821814,12.356007872822179,0.4272708725184202,1.625,4,0.5714285714285714,0.39852607709750565,1.0,2768.125,1.9847240913659334,1.1469188119704425,0.025538796558976173,3.4950432777404785,-0.6901818644255401,-0.9578331140801307,0.27903066078821814,12.228058450725523,0.5109682083129883,2.15,3,0.5,0.19742063492063494,1.0,530.2,1.9847240913659334,1.821937918663025,0.6220231056213379,1.875,1.0,0.025538796558976173,0.9972479939460754,7.0625,1.0,1.7963991221040487,True,True,True,True,False,False,False,True,True,True,0.9998839497566223,1.9847240913659334,True,True,high_confidence__noisy_workspace
ex_05266_5ae531695542990ba0bbb1fb,5ae531695542990ba0bbb1fb,5266,prompt_ex_05266_5ae531695542990ba0bbb1fb,In what year was the coach who led the 2007 South Carolina Gamecocks football team in his third season as USC head coach born?,"1953. The coach was Steve Spurrier, who was born",['1945'],,,,"1953. The coach was Steve Spurrier, who was born","'1953. The coach was Steve Spurrier, who was born'","'1953. The coach was Steve Spurrier, who was born'","[16, 24, 20, 18, 13, 576, 7247, 572, 13809, 3089, 324, 7253, 11, 879, 572, 9223]",16.0,1,0.9997982978820801,-0.00020180096908006817,-0.20897520608502873,-3.3436032973604597,16,16,False,short_answer_v1,1953 coach was steve spurrier who was born,"[{'raw': '1945', 'normalized': '1945', 'source': 'alias_original_only:original'}]","[{'raw': '1945', 'normalized': '1945', 'source': 'alias:original'}]","[{'raw': '1953. The coach was Steve Spurrier, who was born', 'normalized': '1953 coach was steve spurrier who was born', 'source': 'prediction:original'}]",['1945'],False,False,False,,False,False,"{'ratio': 0.13043478260869565, 'prediction': '1953 coach was steve spurrier who was born', 'alias': '1945'}",False,deterministic_no_match,high,0.0,False,False,False,False,False,False,False,False,llm_judge_incorrect,medium,medium,llm_judge_incorrect,True,incorrect,high,"The accepted answer is 1945, but the model answer is 1953. Steve Spurrier was born in 1945, not 1953, making the model answer factually incorrect.",False,,True,True,53, ,22,2.138789385218512,0.8453275694295206,0.08081220835447311,3.356614112854004,-0.05213237655644088,-1.15018105879426,0.4725395441055298,11.37424781770331,0.41884722018783743,1.1534090909090908,11,0.6190476190476191,0.41364323507180645,1.0,41169.90909090909,2.349244610829787,0.7678964732717216,0.7548471093177795,3.2883217334747314,-0.09951347437771865,-0.8639493584632875,0.12580790619055432,13.237293291709834,0.3804254193197597,0.9147727272727273,6,0.6,0.3134920634920635,15282.0,69698.90909090909,1.7580279847607017,0.8519205171447813,0.08081220835447311,2.7067341804504395,0.014277092846376724,-1.15018105879426,0.4725395441055298,7.752286747793203,0.4699567072093487,1.4296875,4,0.5714285714285714,0.5668934240362811,1.0,5299.375,2.0233756050467493,0.9781803375870072,0.08081220835447311,2.7067341804504395,-0.5114979282021527,-1.15018105879426,0.4725395441055298,10.13583621200649,0.3889987409114838,1.5125,4,1.0,0.5476190476190476,1.0,342.4,2.0233756050467493,2.542510986328125,0.2961325943470001,0.875,4.0,0.08081220835447311,0.9905806183815002,6.3125,1.0,2.461698777973652,True,True,True,True,False,False,False,True,True,True,0.9997982978820801,2.0233756050467493,True,True,high_confidence__noisy_workspace
ex_01761_5ade27e05542997c77aded7d,5ade27e05542997c77aded7d,1761,prompt_ex_01761_5ade27e05542997c77aded7d,When was the friends song was released which is taken from the fourth studio album of canadian singer and song writer Justin Bieber?,2010,"['August 17, 2017']",,,,"2010. 

Step-by-Step Explanation:
1. Identify the",'2010. \n\nStep-by-Step Explanation:\n1. Identify the','2010',"[17, 15, 16, 15, 13, 4710, 8304, 14319, 12, 8304, 71287, 510, 16, 13, 64547, 279]",17.0,2,0.9997288584709167,-0.0002711643755901605,-0.10293328500992706,-1.5439992751489058,16,15,False,short_answer_v1,2010,"[{'raw': 'August 17, 2017', 'normalized': 'august 17 2017', 'source': 'alias_original_only:original'}]","[{'raw': 'August 17, 2017', 'normalized': 'august 17 2017', 'source': 'alias:original'}]","[{'raw': '2010', 'normalized': '2010', 'source': 'prediction:original'}]",['august 17 2017'],False,False,False,,False,False,"{'ratio': 0.3333333333333333, 'prediction': '2010', 'alias': 'august 17 2017'}",False,deterministic_no_match,high,0.0,False,False,False,False,False,False,False,False,llm_judge_incorrect,medium,medium,llm_judge_incorrect,True,incorrect,high,"The model answer '2010' is clearly incorrect as it does not match the accepted answer 'August 17, 2017', which is the release date of the song from Justin Bieber's fourth studio album.",False,,True,True,46, ,22,2.440391741110282,0.7783267713147705,0.00013619869423564523,3.3859684467315674,-0.05717770852949863,-1.26379009977245,0.488008995850881,14.195249650601983,0.3552874258973382,1.4119318181818181,11,0.5714285714285714,0.3376795162509448,1.0,73494.18181818182,2.480393350124359,0.6871115797279818,0.729442298412323,3.2798991203308105,-0.013766213980588058,-0.07255405187606778,0.17069271206855774,14.319521033380767,0.340464864264835,0.8125,9,0.8,0.31785714285714284,74136.0,119926.09090909091,2.105709649882556,0.8214629990954211,0.00013619869423564523,2.6542999744415283,-0.18893178073821665,-1.26379009977245,0.488008995850881,10.051832965541493,0.4225621111690998,2.484375,3,0.2857142857142857,0.47562358276643985,1.0,11736.0,1.96431981366768,0.9908983244986741,0.00013619869423564523,2.5663111209869385,-0.4443545218120561,-1.26379009977245,0.488008995850881,9.616671629227415,0.4178294062614441,3.2,2,0.25,0.44742063492063494,1.0,216.4,1.96431981366768,2.5257880687713623,0.2722075879573822,1.0,1.0,0.00013619869423564523,0.9999912977218628,12.75,1.0,2.5256518700771267,True,True,True,True,False,False,False,True,True,True,0.9997288584709167,1.96431981366768,True,True,high_confidence__noisy_workspace
ex_04618_5a76bbe85542993735360191,5a76bbe85542993735360191,4618,prompt_ex_04618_5a76bbe85542993735360191,"Which American spy thriller TV series, which was developed by Howard Gordon and Alex Gansa, had a fourth season episode titled ""Krieg Nicht Lieb?""",24,['Homeland'],,,,"24. 

The answer is ""24."" The TV series ""2","'24. \n\nThe answer is ""24."" The TV series ""2'",'24',"[17, 19, 13, 4710, 785, 4226, 374, 330, 17, 19, 1189, 576, 5883, 4013, 330, 17]",17.0,2,0.9996209144592285,-0.000379132863599807,-0.22954625995305378,-3.4431938992958067,16,15,False,short_answer_v1,24,"[{'raw': 'Homeland', 'normalized': 'homeland', 'source': 'alias_original_only:original'}]","[{'raw': 'Homeland', 'normalized': 'homeland', 'source': 'alias:original'}]","[{'raw': '24', 'normalized': '24', 'source': 'prediction:original'}]",['homeland'],False,False,False,,False,False,"{'ratio': 0.0, 'prediction': None, 'alias': None}",False,deterministic_no_match,high,0.0,False,False,False,False,False,False,False,False,llm_judge_incorrect,medium,medium,llm_judge_incorrect,True,incorrect,high,"The model answer '24' refers to a different American spy thriller TV series developed by Howard Gordon and Alex Gansa. '24' is a separate show from 'Homeland', and the episode title 'Krieg Nicht Lieb' is not associated with '24'.",False,,True,True,53, ,22,1.8716141825372523,0.8408045205515015,0.839984655380249,3.6525702476501465,0.010766586935634615,0.49670141935348544,0.21774642666180932,9.68851158083981,0.49850543249737134,1.1448863636363635,7,0.42857142857142855,0.4782690854119425,2.0,112361.45454545454,2.0416375669566067,1.0105454970802772,0.9038683772087097,3.6525702476501465,-0.0305600269274277,0.2289946973323824,0.03906555970509851,12.9319875190152,0.5100984302434054,1.3636363636363635,3,0.3,0.44642857142857145,137655.0,147879.0909090909,1.867399975657463,0.5765107735087651,0.839984655380249,2.7273519039154053,0.019628957623527305,0.49670141935348544,0.21774642666180932,7.4899675287581875,0.4650370478630066,1.0234375,5,0.8571428571428571,0.32086167800453513,2.0,59488.125,1.8432508707046509,0.3944204711865199,1.066285252571106,2.1279358863830566,-0.0008225917816162994,0.49670141935348544,0.21774642666180932,6.735585157262982,0.4613787293434143,0.8625,3,0.75,0.44345238095238093,2.0,26056.2,1.8432508707046509,2.0453073978424072,0.3719399869441986,0.4375,13.0,2.059688091278076,0.48322999477386475,0.9375,2.0,-0.014380693435668945,True,True,True,True,False,False,False,True,True,True,0.9996209144592285,1.8432508707046509,True,True,high_confidence__noisy_workspace
ex_00802_5abe2b0155429976d4830a83,5abe2b0155429976d4830a83,802,prompt_ex_00802_5abe2b0155429976d4830a83,"Max Hoffmann along with Hindenburg and Ludendorff, masterminded the devastating defeat of the Russian armies in a battle fought when ?",1916. The Battle of the Somme,['26–30 August 1914'],,,,"1916. The Battle of the Somme. 

Wait, but","'1916. The Battle of the Somme. \n\nWait, but'",'1916. The Battle of the Somme',"[16, 24, 16, 21, 13, 576, 16115, 315, 279, 17564, 2660, 13, 4710, 14190, 11, 714]",16.0,1,0.9995214939117432,-0.0004786299541592598,-0.18456578979162258,-2.768486846874339,16,15,False,short_answer_v1,1916 battle of somme,"[{'raw': '26–30 August 1914', 'normalized': '26–30 august 1914', 'source': 'alias_original_only:original'}]","[{'raw': '26–30 August 1914', 'normalized': '26–30 august 1914', 'source': 'alias:original'}]","[{'raw': '1916. The Battle of the Somme', 'normalized': '1916 battle of somme', 'source': 'prediction:original'}]",['26–30 august 1914'],False,False,False,,False,False,"{'ratio': 0.16216216216216217, 'prediction': '1916 battle of somme', 'alias': '26–30 august 1914'}",False,deterministic_no_match,high,0.0,False,False,False,False,False,False,False,False,llm_judge_incorrect,medium,medium,llm_judge_incorrect,True,incorrect,high,"The model answer refers to the Battle of the Somme in 1916, which was a major battle during World War I, but it was not the battle where Max Hoffmann, Hindenburg, and Ludendorff masterminded the defeat of the Russian armies. The accepted answer refers to the Battle of the Frontiers (26–30 August 1914), which was the initial phase of World War I and involved the defeat of the Russian armies.",False,,True,True,50, ,22,2.132384816692634,0.9979429885770008,0.009556151926517487,3.7609217166900635,-0.09152712715860145,-0.7869100682437418,0.22042073806126916,13.089877358786639,0.3834895119071007,0.9829545454545454,11,0.6190476190476191,0.38756613756613756,1.0,55597.90909090909,2.453553015535528,0.9527452326409638,1.06221342086792,3.7609217166900635,-0.20339677442203855,0.1078767180442812,0.052227864662806156,16.96075678532437,0.2833151885054328,0.3806818181818182,5,0.5,0.4329365079365079,34827.0,96548.63636363637,1.511798401363194,0.8571208233604241,0.009556151926517487,3.112997055053711,-0.017697342538407764,-0.7869100682437418,0.22042073806126916,6.559963481754987,0.5664001610130072,2.0078125,5,0.5714285714285714,0.3219954648526077,1.0,16672.25,1.6722887948155403,0.9896031280640573,0.009556151926517487,3.112997055053711,-0.49265321940183676,-0.7869100682437418,0.22042073806126916,8.16183569017632,0.5767120987176895,2.6625,3,0.5,0.3214285714285714,1.0,617.8,1.6722887948155403,1.8261271715164185,0.62315434217453,2.0625,1.0,0.009556151926517487,0.9990893602371216,7.875,1.0,1.816571019589901,True,True,True,True,False,False,False,True,True,True,0.9995214939117432,1.6722887948155403,True,True,high_confidence__noisy_workspace
ex_03392_5adfd30c55429906c02daa53,5adfd30c55429906c02daa53,3392,prompt_ex_03392_5adfd30c55429906c02daa53,"What movie studio produced The Benchwarmers, which starred Rob Schneider and Napoleon Dynamites lead actor, Jon Heder?",20th Century Fox. The Benchwarmers was produced by 20,['Revolution Studios'],,,,20th Century Fox. The Benchwarmers was produced by 20,'20th Century Fox. The Benchwarmers was produced by 20','20th Century Fox. The Benchwarmers was produced by 20',"[17, 15, 339, 27101, 13282, 13, 576, 35258, 82597, 388, 572, 8947, 553, 220, 17, 15]",17.0,2,0.9994000792503357,-0.0006001578294672072,-0.09874486679529232,-1.4811730019293847,16,15,False,short_answer_v1,20th century fox benchwarmers was produced by 20,"[{'raw': 'Revolution Studios', 'normalized': 'revolution studios', 'source': 'alias_original_only:original'}]","[{'raw': 'Revolution Studios', 'normalized': 'revolution studios', 'source': 'alias:original'}]","[{'raw': '20th Century Fox. The Benchwarmers was produced by 20', 'normalized': '20th century fox benchwarmers was produced by 20', 'source': 'prediction:original'}]",['revolution studios'],False,False,False,,False,False,"{'ratio': 0.18181818181818182, 'prediction': '20th century fox benchwarmers was produced by 20', 'alias': 'revolution studios'}",False,deterministic_no_match,high,0.0,False,False,False,False,False,False,False,False,llm_judge_incorrect,medium,medium,llm_judge_incorrect,True,incorrect,high,"The accepted answer is ""Revolution Studios"", which is the correct studio that produced ""The Benchwarmers."" The model answer ""20th Century Fox"" is incorrect as it did not produce the film. Additionally, the model answer is incomplete and contains a partial statement that does not align with the accepted answer.",False,,True,True,46, ,22,1.8049188120798632,0.9022241869004779,0.23289945721626282,3.4800186157226562,-0.017896229705185875,-0.03708827495574913,0.0741938402255376,9.044869291071468,0.4865790161896836,1.1818181818181819,6,0.3333333333333333,0.436885865457294,2.0,126411.04545454546,2.1471851522272285,0.8650334523881551,0.9578431844711304,3.4800186157226562,-0.08771963011134742,0.30851262807846075,0.15745620926221215,12.330448886223799,0.40677964890545065,0.6761363636363636,5,0.5,0.4976190476190476,149082.0,151127.54545454544,1.4579259529709816,0.9358623447726732,0.23289945721626282,2.546339273452759,0.32532584667205805,-0.03708827495574913,0.0741938402255376,6.254878113975589,0.6019888613373041,2.1171875,2,0.14285714285714285,0.2868480725623583,2.0,83147.125,1.9302139461040497,0.8510273863426595,0.25372299551963806,2.546339273452759,0.46259673237800597,-0.03708827495574913,0.0741938402255376,8.751286084047795,0.4497624546289444,1.2875,2,0.25,0.22519841269841268,2.0,45748.0,1.9302139461040497,2.546339273452759,0.2704097330570221,0.375,246.0,2.3409762382507324,0.3433063328266144,0.6875,2.0,0.20536303520202637,True,True,True,True,False,False,False,True,True,True,0.9994000792503357,1.9302139461040497,True,True,high_confidence__noisy_workspace
ex_01814_5a81a84e5542990a1d231e4e,5a81a84e5542990a1d231e4e,1814,prompt_ex_01814_5a81a84e5542990a1d231e4e,What year was the Argentine singer and actor who both directed and starred in El Tio Disparate born?,1947. The Argentine singer and actor who directed and starred in,['1942'],,,,"1947. The Argentine singer and actor who directed and starred in ""","'1947. The Argentine singer and actor who directed and starred in ""'",'1947. The Argentine singer and actor who directed and starred in',"[16, 24, 19, 22, 13, 576, 81722, 22757, 323, 12089, 879, 15540, 323, 58235, 304, 330]",16.0,1,0.9993797540664673,-0.0006204110686667264,-0.34891866620364453,-5.5826986592583125,16,16,False,short_answer_v1,1947 argentine singer and actor who directed and starred in,"[{'raw': '1942', 'normalized': '1942', 'source': 'alias_original_only:original'}]","[{'raw': '1942', 'normalized': '1942', 'source': 'alias:original'}]","[{'raw': '1947. The Argentine singer and actor who directed and starred in', 'normalized': '1947 argentine singer and actor who directed and starred in', 'source': 'prediction:original'}]",['1942'],False,False,False,,False,False,"{'ratio': 0.09523809523809523, 'prediction': '1947 argentine singer and actor who directed and starred in', 'alias': '1942'}",False,deterministic_no_match,high,0.0,False,False,False,False,False,False,False,False,llm_judge_incorrect,medium,medium,llm_judge_incorrect,True,incorrect,high,"The model answer provides an incorrect year (1947) for the birth year of the Argentine singer and actor who directed and starred in 'El Tio Disparate.' The accepted answer is 1942, which is correct based on general knowledge.",False,,True,True,43, ,22,1.993813343600116,1.0428909355269167,0.024253955110907555,3.6924939155578613,-0.11012787526375582,-1.267566625960171,0.4299875696500143,11.942472719003076,0.4836028269068761,1.4034090909090908,8,0.3333333333333333,0.4669312169312169,1.0,69153.81818181818,2.1204938129945234,0.8824764590105223,0.8834758400917053,3.4305920600891113,-0.16304044615138658,-0.6605589091777802,0.10983514785766602,11.857751539722614,0.4532896185463125,1.0852272727272727,5,0.4,0.4404761904761905,55768.0,112406.18181818182,1.293614200083539,0.8041717895114239,0.024253955110907555,2.55938720703125,0.088039470503905,-1.267566625960171,0.4299875696500143,4.992729113286653,0.6521002799272537,2.234375,2,0.14285714285714285,0.5612244897959183,1.0,12957.625,1.5971332054585219,0.8873248937740331,0.024253955110907555,2.55938720703125,-0.22425524182617676,-1.267566625960171,0.4299875696500143,6.667436620882268,0.571302616596222,2.475,2,0.25,0.48214285714285715,1.0,1847.4,1.5971332054585219,2.212155818939209,0.4089486002922058,0.625,1.0,0.024253955110907555,0.9977105855941772,8.375,1.0,2.1879018638283014,True,True,True,True,False,False,False,True,True,True,0.9993797540664673,1.5971332054585219,True,True,high_confidence__noisy_workspace
ex_06246_5ae157ed5542990adbacf75d,5ae157ed5542990adbacf75d,6246,prompt_ex_06246_5ae157ed5542990adbacf75d,"When was the English writer and screenwriter,died who was creator and writer of ""Are You Being Served?"" with David Croft?",1995,['23 December 2014'],,,,"1995. 

Wait, that's not right. The correct answer","""1995. \n\nWait, that's not right. The correct answer""",'1995',"[16, 24, 24, 20, 13, 4710, 14190, 11, 429, 594, 537, 1290, 13, 576, 4396, 4226]",16.0,1,0.9992762207984924,-0.0007240534760057926,-0.17933909625280647,-2.6900864437920973,16,15,False,short_answer_v1,1995,"[{'raw': '23 December 2014', 'normalized': '23 december 2014', 'source': 'alias_original_only:original'}]","[{'raw': '23 December 2014', 'normalized': '23 december 2014', 'source': 'alias:original'}]","[{'raw': '1995', 'normalized': '1995', 'source': 'prediction:original'}]",['23 december 2014'],False,False,False,,False,False,"{'ratio': 0.1, 'prediction': '1995', 'alias': '23 december 2014'}",False,deterministic_no_match,high,0.0,False,False,False,False,False,False,False,False,llm_judge_incorrect,medium,medium,llm_judge_incorrect,True,incorrect,high,"The model answer '1995' is incorrect as it refers to the year of the show's creation, not the death date of the writer. The accepted answer '23 December 2014' is the correct death date of the writer, which is semantically equivalent to the accepted answer.",False,,True,True,50, ,22,2.449749149128117,1.0042180688190643,0.01968119479715824,3.698564052581787,-0.06177150863966885,-1.6573426825925708,0.559241031606992,16.720108991851774,0.3448624038560824,1.0085227272727273,15,0.8571428571428571,0.3129251700680271,1.0,103349.90909090909,2.583333373069763,0.9551946050042974,1.1206051111221313,3.698564052581787,-0.22777918685566276,-0.143221378326416,0.11126385132471717,19.006052563075535,0.3290559249845418,0.75,8,0.8,0.3563492063492063,139333.0,147628.27272727274,2.1317050133366138,1.1479872150025312,0.01968119479715824,3.3343665599823,0.06429411796852946,-1.6573426825925708,0.559241031606992,13.397505914641206,0.4153101872652769,1.6484375,6,1.0,0.2811791383219955,1.0,49378.25,2.4639221627265213,1.2367929865095222,0.01968119479715824,3.3343665599823,-0.5304747860878708,-1.6573426825925708,0.559241031606992,17.909666782346083,0.3482902258634567,1.6625,5,1.0,0.1111111111111111,1.0,4784.8,2.4639221627265213,3.1959712505340576,0.19494439661502838,0.125,3.0,0.01968119479715824,0.9981017708778381,7.5,1.0,3.1762900557368994,True,True,True,True,False,False,False,True,True,True,0.9992762207984924,2.4639221627265213,True,True,high_confidence__noisy_workspace
