example_id,question,prediction,aliases,verdict,confidence,reason,raw_judge_output,clean_judge_output,temporal_unstable,fuzzy_suggested
ex_00024_f646f3e064f06423fc25b98500796cf0,"What is someone who isn't clever, bright, or competent called?",C) dull,['stupid'],correct,high,"The model answer 'dull' is semantically equivalent to the accepted answer 'stupid' in the context of describing someone who is not clever, bright, or competent.","{""verdict"":""correct"",""confidence"":""high"",""reason"":""The model answer 'dull' is semantically equivalent to the accepted answer 'stupid' in the context of describing someone who is not clever, bright, or competent.""}","{""verdict"":""correct"",""confidence"":""high"",""reason"":""The model answer 'dull' is semantically equivalent to the accepted answer 'stupid' in the context of describing someone who is not clever, bright, or competent.""}",False,False
ex_00034_4acd496cc78d96c2431279a5fd87de7c,"She was always helping at the senior center, it brought her what?",A,['happiness'],incorrect,high,The model answer 'A' is not semantically equivalent to the accepted answer 'happiness' and does not provide a meaningful or valid response to the question.,"{""verdict"":""incorrect"",""confidence"":""high"",""reason"":""The model answer 'A' is not semantically equivalent to the accepted answer 'happiness' and does not provide a meaningful or valid response to the question.""}","{""verdict"":""incorrect"",""confidence"":""high"",""reason"":""The model answer 'A' is not semantically equivalent to the accepted answer 'happiness' and does not provide a meaningful or valid response to the question.""}",False,False
ex_00057_63cf1adb5fe302b9867ead8bc8103d0b,Where would you go if you wanted to have fun with a few people?,E) fairgrounds,"[""friend's house""]",ambiguous,medium,"The accepted answer 'friend's house' is specific to a social setting with friends, while 'fairgrounds' is a more general and possibly time-sensitive location that may not always be the best answer for 'having fun with a few people.' The model answer is not semantically equivalent to the accepted answer, but it could be considered a valid context for fun, making the verdict ambiguous.","{""verdict"":""ambiguous"",""confidence"":""medium"",""reason"":""The accepted answer 'friend's house' is specific to a social setting with friends, while 'fairgrounds' is a more general and possibly time-sensitive location that may not always be the best answer for 'having fun with a few people.' The model answer is not semantically equivalent to the accepted answer, but it could be considered a valid context for fun, making the verdict ambiguous.""}","{""verdict"":""ambiguous"",""confidence"":""medium"",""reason"":""The accepted answer 'friend's house' is specific to a social setting with friends, while 'fairgrounds' is a more general and possibly time-sensitive location that may not always be the best answer for 'having fun with a few people.' The model answer is not semantically equivalent to the accepted answer, but it could be considered a valid context for fun, making the verdict ambiguous.""}",False,False
ex_00065_2d33cde5e3987adc8fa2bca0af4dd3dd,Where is a human likely to go as a result of being hungry?,C) have lunch,['eat in restaurant'],ambiguous,medium,"The accepted answer 'eat in restaurant' is semantically related to the model answer 'have lunch', but 'have lunch' is a specific activity that may not cover all scenarios of being hungry. The answer is partially correct but not fully equivalent to the broader accepted answer.","{""verdict"":""ambiguous"",""confidence"":""medium"",""reason"":""The accepted answer 'eat in restaurant' is semantically related to the model answer 'have lunch', but 'have lunch' is a specific activity that may not cover all scenarios of being hungry. The answer is partially correct but not fully equivalent to the broader accepted answer.""}","{""verdict"":""ambiguous"",""confidence"":""medium"",""reason"":""The accepted answer 'eat in restaurant' is semantically related to the model answer 'have lunch', but 'have lunch' is a specific activity that may not cover all scenarios of being hungry. The answer is partially correct but not fully equivalent to the broader accepted answer.""}",False,False
ex_00071_c1c7a9efa379b8a7024a71cf364a144c,Sally used a clipboard to hold her papers while she read off names at the beginning of the day.  Where might she work?,A) desk,['school'],ambiguous,medium,"The accepted answer 'school' is a broad category, while 'desk' is a specific object. 'Desk' could be in a school, but it could also be in other places like an office or a home. The model answer is not semantically equivalent to the accepted answer, but it is not clearly incorrect either, making the verdict ambiguous.","{""verdict"":""ambiguous"",""confidence"":""medium"",""reason"":""The accepted answer 'school' is a broad category, while 'desk' is a specific object. 'Desk' could be in a school, but it could also be in other places like an office or a home. The model answer is not semantically equivalent to the accepted answer, but it is not clearly incorrect either, making the verdict ambiguous.""}","{""verdict"":""ambiguous"",""confidence"":""medium"",""reason"":""The accepted answer 'school' is a broad category, while 'desk' is a specific object. 'Desk' could be in a school, but it could also be in other places like an office or a home. The model answer is not semantically equivalent to the accepted answer, but it is not clearly incorrect either, making the verdict ambiguous.""}",False,False
ex_00087_0f4159e80f8dbf682819215bbf0f5b5a-1,"If you're remembering something, it's because of your what of it to begin with?",A,['knowing'],incorrect,high,The model answer 'A' is not semantically equivalent to the accepted answer 'knowing' and does not provide a meaningful or correct answer to the question.,"{""verdict"":""incorrect"",""confidence"":""high"",""reason"":""The model answer 'A' is not semantically equivalent to the accepted answer 'knowing' and does not provide a meaningful or correct answer to the question.""}","{""verdict"":""incorrect"",""confidence"":""high"",""reason"":""The model answer 'A' is not semantically equivalent to the accepted answer 'knowing' and does not provide a meaningful or correct answer to the question.""}",False,False
ex_00088_1a8b3c2a46efabcbd506f9cf70886ed0,Which large land mass is home to the most monkeys?,A,['african continent'],incorrect,high,The model answer 'A' is not semantically equivalent to the accepted answer 'african continent' and does not refer to a large land mass. 'A' is not a valid answer under the given context.,"{""verdict"":""incorrect"",""confidence"":""high"",""reason"":""The model answer 'A' is not semantically equivalent to the accepted answer 'african continent' and does not refer to a large land mass. 'A' is not a valid answer under the given context.""}","{""verdict"":""incorrect"",""confidence"":""high"",""reason"":""The model answer 'A' is not semantically equivalent to the accepted answer 'african continent' and does not refer to a large land mass. 'A' is not a valid answer under the given context.""}",False,False
ex_00095_5169f7ae0781b15161551de3a189ebef,What do you want someone to do when you illustrate point?,C,['understanding'],incorrect,high,The model answer 'C' is not semantically equivalent to the accepted answer 'understanding' and does not represent a valid shorter form of a compound or list answer. 'C' is not a recognized alias or equivalent term for 'understanding' in this context.,"{""verdict"":""incorrect"",""confidence"":""high"",""reason"":""The model answer 'C' is not semantically equivalent to the accepted answer 'understanding' and does not represent a valid shorter form of a compound or list answer. 'C' is not a recognized alias or equivalent term for 'understanding' in this context.""}","{""verdict"":""incorrect"",""confidence"":""high"",""reason"":""The model answer 'C' is not semantically equivalent to the accepted answer 'understanding' and does not represent a valid shorter form of a compound or list answer. 'C' is not a recognized alias or equivalent term for 'understanding' in this context.""}",False,False
ex_00111_feb83263e6be392351db0794004efc3f,What regions of a town would you have found a dime store?,A,['small neighborhood'],incorrect,high,The model answer 'A' is not semantically equivalent to the accepted answer 'small neighborhood' and does not provide any meaningful information about regions of a town where a dime store would be found.,"{""verdict"":""incorrect"",""confidence"":""high"",""reason"":""The model answer 'A' is not semantically equivalent to the accepted answer 'small neighborhood' and does not provide any meaningful information about regions of a town where a dime store would be found.""}","{""verdict"":""incorrect"",""confidence"":""high"",""reason"":""The model answer 'A' is not semantically equivalent to the accepted answer 'small neighborhood' and does not provide any meaningful information about regions of a town where a dime store would be found.""}",False,False
ex_00112_80697d599280d994d8a584c95824ef1f,Where might an unused chess set be stored?,D) attic,['cupboard'],ambiguous,medium,"The accepted answer 'cupboard' is a common storage place for an unused chess set, but 'attic' is a possible alternative. However, 'attic' is not explicitly listed as an accepted alias, and the question does not specify a particular context that would make 'attic' the only valid answer. Therefore, the model answer is not clearly equivalent to the accepted answer.","{""verdict"":""ambiguous"",""confidence"":""medium"",""reason"":""The accepted answer 'cupboard' is a common storage place for an unused chess set, but 'attic' is a possible alternative. However, 'attic' is not explicitly listed as an accepted alias, and the question does not specify a particular context that would make 'attic' the only valid answer. Therefore, the model answer is not clearly equivalent to the accepted answer.""}","{""verdict"":""ambiguous"",""confidence"":""medium"",""reason"":""The accepted answer 'cupboard' is a common storage place for an unused chess set, but 'attic' is a possible alternative. However, 'attic' is not explicitly listed as an accepted alias, and the question does not specify a particular context that would make 'attic' the only valid answer. Therefore, the model answer is not clearly equivalent to the accepted answer.""}",False,False
ex_00117_9dffd2021771e0ecddb19031acf3701b,Where could a person avoid the rain?,B) tunnel,['synagogue'],ambiguous,medium,"The accepted answer 'synagogue' is not semantically equivalent to 'tunnel' and does not logically represent a place where one could avoid the rain. However, the question is vague and does not specify the context or constraints, leading to potential ambiguity in the model's answer.","{""verdict"":""ambiguous"",""confidence"":""medium"",""reason"":""The accepted answer 'synagogue' is not semantically equivalent to 'tunnel' and does not logically represent a place where one could avoid the rain. However, the question is vague and does not specify the context or constraints, leading to potential ambiguity in the model's answer.""}","{""verdict"":""ambiguous"",""confidence"":""medium"",""reason"":""The accepted answer 'synagogue' is not semantically equivalent to 'tunnel' and does not logically represent a place where one could avoid the rain. However, the question is vague and does not specify the context or constraints, leading to potential ambiguity in the model's answer.""}",False,False
ex_00177_fa1f17ca535c7e875f4f58510dc2f430,What is a person called who doesn't have immortality?,A) mortal,['mortal'],correct,high,The model answer 'A) mortal' is semantically equivalent to the accepted answer 'mortal' and is a valid shorter form of the compound answer.,"{""verdict"":""correct"",""confidence"":""high"",""reason"":""The model answer 'A) mortal' is semantically equivalent to the accepted answer 'mortal' and is a valid shorter form of the compound answer.""}","{""verdict"":""correct"",""confidence"":""high"",""reason"":""The model answer 'A) mortal' is semantically equivalent to the accepted answer 'mortal' and is a valid shorter form of the compound answer.""}",False,False
ex_00179_f1368ab1d4ee05d72d555474fcd737d7,"If chewing food is difficult for you, what is a possible reason?",A,['sore mouth'],incorrect,high,The model answer 'A' is not semantically equivalent to the accepted answer 'sore mouth' and does not provide a valid reason for difficulty in chewing food.,"{""verdict"":""incorrect"",""confidence"":""high"",""reason"":""The model answer 'A' is not semantically equivalent to the accepted answer 'sore mouth' and does not provide a valid reason for difficulty in chewing food.""}","{""verdict"":""incorrect"",""confidence"":""high"",""reason"":""The model answer 'A' is not semantically equivalent to the accepted answer 'sore mouth' and does not provide a valid reason for difficulty in chewing food.""}",False,False
ex_00182_2c845646032bbf27fb3904330d59d324,Where can children play with animals?,D) zoos,['fairgrounds'],ambiguous,medium,"While zoos are places where children can play with animals, the accepted answer 'fairgrounds' is more specific to events where animals are often present for entertainment. The model answer 'zoos' is partially correct but not fully equivalent to the accepted answer, leading to ambiguity.","{""verdict"":""ambiguous"",""confidence"":""medium"",""reason"":""While zoos are places where children can play with animals, the accepted answer 'fairgrounds' is more specific to events where animals are often present for entertainment. The model answer 'zoos' is partially correct but not fully equivalent to the accepted answer, leading to ambiguity.""}","{""verdict"":""ambiguous"",""confidence"":""medium"",""reason"":""While zoos are places where children can play with animals, the accepted answer 'fairgrounds' is more specific to events where animals are often present for entertainment. The model answer 'zoos' is partially correct but not fully equivalent to the accepted answer, leading to ambiguity.""}",False,False
ex_00187_895aa97bb84d874d71b2aed572cebfdd,Where would you find a monkey in the wild?,A,['thailand'],incorrect,high,The model answer 'A' is not semantically equivalent to the accepted answer 'thailand' and does not refer to a location where monkeys are found in the wild.,"{""verdict"":""incorrect"",""confidence"":""high"",""reason"":""The model answer 'A' is not semantically equivalent to the accepted answer 'thailand' and does not refer to a location where monkeys are found in the wild.""}","{""verdict"":""incorrect"",""confidence"":""high"",""reason"":""The model answer 'A' is not semantically equivalent to the accepted answer 'thailand' and does not refer to a location where monkeys are found in the wild.""}",False,False
ex_00197_b63e5cd88bfe75d29ff9fdc6dd97fed6,What do airplanes do as they are arriving at the gate?,D) land,['slow down'],incorrect,high,"The accepted answer is 'slow down', which refers to the action of reducing speed as an airplane approaches the gate. 'Land' refers to the action of touching down on the runway, which is a different stage in the process. Therefore, the model answer is not semantically equivalent to the accepted answer.","{""verdict"":""incorrect"",""confidence"":""high"",""reason"":""The accepted answer is 'slow down', which refers to the action of reducing speed as an airplane approaches the gate. 'Land' refers to the action of touching down on the runway, which is a different stage in the process. Therefore, the model answer is not semantically equivalent to the accepted answer.""}","{""verdict"":""incorrect"",""confidence"":""high"",""reason"":""The accepted answer is 'slow down', which refers to the action of reducing speed as an airplane approaches the gate. 'Land' refers to the action of touching down on the runway, which is a different stage in the process. Therefore, the model answer is not semantically equivalent to the accepted answer.""}",False,False
ex_00216_0f2377604e628c55ba588366139396b9,What animal has quills all over it?,D,['hedgehog'],incorrect,high,The model answer 'D' is not semantically equivalent to the accepted answer 'hedgehog' and does not refer to any known animal with quills all over it.,"{""verdict"":""incorrect"",""confidence"":""high"",""reason"":""The model answer 'D' is not semantically equivalent to the accepted answer 'hedgehog' and does not refer to any known animal with quills all over it.""}","{""verdict"":""incorrect"",""confidence"":""high"",""reason"":""The model answer 'D' is not semantically equivalent to the accepted answer 'hedgehog' and does not refer to any known animal with quills all over it.""}",False,False
ex_00234_6b9221c1af583ffb43580857d6fde38a,"Immediately after peeing, a person's bladder is what?",A,['empty'],incorrect,high,The model answer 'A' is not semantically equivalent to the accepted answer 'empty'. 'A' is not a valid or recognized answer to the question about the state of a person's bladder immediately after peeing.,"{""verdict"":""incorrect"",""confidence"":""high"",""reason"":""The model answer 'A' is not semantically equivalent to the accepted answer 'empty'. 'A' is not a valid or recognized answer to the question about the state of a person's bladder immediately after peeing.""}","{""verdict"":""incorrect"",""confidence"":""high"",""reason"":""The model answer 'A' is not semantically equivalent to the accepted answer 'empty'. 'A' is not a valid or recognized answer to the question about the state of a person's bladder immediately after peeing.""}",False,False
ex_00237_d64a676e9d22e7edd12e7f4ce267a9f0,What do you go to see for live entertainment?,C,['show'],incorrect,low,"{""verdict"":""incorrect"",""confidence"":""high"",""reason"":""The model answer 'C' is not semantically equivalent to the accepted answer 'show' and does not provide a valid answer to the question 'What do you go to see for live entertainment?'""}
}","{""verdict"":""incorrect"",""confidence"":""high"",""reason"":""The model answer 'C' is not semantically equivalent to the accepted answer 'show' and does not provide a valid answer to the question 'What do you go to see for live entertainment?'""}
}","{""verdict"":""incorrect"",""confidence"":""high"",""reason"":""The model answer 'C' is not semantically equivalent to the accepted answer 'show' and does not provide a valid answer to the question 'What do you go to see for live entertainment?'""}
}",False,False
ex_00263_08ad17d3ca1838b8724d21cf5921ec52,How can you let someone know about your anger without hurting him or her?,A) release energy,['write letter'],ambiguous,medium,The model answer 'release energy' is not semantically equivalent to 'write letter' and does not clearly convey the intended meaning of communicating anger in a non-hurtful way. It is a partially correct but not clearly equivalent response.,"{""verdict"":""ambiguous"",""confidence"":""medium"",""reason"":""The model answer 'release energy' is not semantically equivalent to 'write letter' and does not clearly convey the intended meaning of communicating anger in a non-hurtful way. It is a partially correct but not clearly equivalent response.""}","{""verdict"":""ambiguous"",""confidence"":""medium"",""reason"":""The model answer 'release energy' is not semantically equivalent to 'write letter' and does not clearly convey the intended meaning of communicating anger in a non-hurtful way. It is a partially correct but not clearly equivalent response.""}",False,False
ex_00274_1342c6aec9f5179d6ea6fa5fefbe5188,One of the potential hazards of attending school is what?,C,['colds and flu'],incorrect,high,"The model answer 'C' is not semantically equivalent to the accepted answer 'colds and flu'. 'C' does not clearly refer to a hazard of attending school, while 'colds and flu' are specific hazards.","{""verdict"":""incorrect"",""confidence"":""high"",""reason"":""The model answer 'C' is not semantically equivalent to the accepted answer 'colds and flu'. 'C' does not clearly refer to a hazard of attending school, while 'colds and flu' are specific hazards.""}","{""verdict"":""incorrect"",""confidence"":""high"",""reason"":""The model answer 'C' is not semantically equivalent to the accepted answer 'colds and flu'. 'C' does not clearly refer to a hazard of attending school, while 'colds and flu' are specific hazards.""}",False,False
ex_00304_8d275acea05fd16295c659c504576a9b,Where can you buy jeans at one of may indoor merchants?,A,['shopping mall'],incorrect,high,The model answer 'A' is not semantically equivalent to the accepted answer 'shopping mall' and does not provide a valid answer to the question.,"{""verdict"":""incorrect"",""confidence"":""high"",""reason"":""The model answer 'A' is not semantically equivalent to the accepted answer 'shopping mall' and does not provide a valid answer to the question.""}","{""verdict"":""incorrect"",""confidence"":""high"",""reason"":""The model answer 'A' is not semantically equivalent to the accepted answer 'shopping mall' and does not provide a valid answer to the question.""}",False,False
ex_00305_91629c6f9e4af3e6acf385eb23fd8068,What do you write letter in in America?,C) envelope,['english alphabet'],incorrect,high,"The model answer 'envelope' refers to the object used to hold letters, while the accepted answer 'english alphabet' refers to the set of letters used in the English language. The two are not semantically equivalent.","{""verdict"":""incorrect"",""confidence"":""high"",""reason"":""The model answer 'envelope' refers to the object used to hold letters, while the accepted answer 'english alphabet' refers to the set of letters used in the English language. The two are not semantically equivalent.""}","{""verdict"":""incorrect"",""confidence"":""high"",""reason"":""The model answer 'envelope' refers to the object used to hold letters, while the accepted answer 'english alphabet' refers to the set of letters used in the English language. The two are not semantically equivalent.""}",False,False
ex_00312_793672da43fbc609e8c5760630c7e239,What is the habitat of the fox?,B,['mountains'],incorrect,high,The model answer 'B' is not semantically equivalent to the accepted answer 'mountains' and does not provide any meaningful information about the habitat of the fox.,"{""verdict"":""incorrect"",""confidence"":""high"",""reason"":""The model answer 'B' is not semantically equivalent to the accepted answer 'mountains' and does not provide any meaningful information about the habitat of the fox.""}","{""verdict"":""incorrect"",""confidence"":""high"",""reason"":""The model answer 'B' is not semantically equivalent to the accepted answer 'mountains' and does not provide any meaningful information about the habitat of the fox.""}",False,False
ex_00323_b5baf77d3855935c87f01f5fb2216667,"If a person were going to bed, what would be their goal?",C,['falling asleep'],incorrect,high,The model answer 'C' is not semantically equivalent to the accepted answer 'falling asleep' and does not provide a meaningful answer to the question about the goal of going to bed.,"{""verdict"":""incorrect"",""confidence"":""high"",""reason"":""The model answer 'C' is not semantically equivalent to the accepted answer 'falling asleep' and does not provide a meaningful answer to the question about the goal of going to bed.""}","{""verdict"":""incorrect"",""confidence"":""high"",""reason"":""The model answer 'C' is not semantically equivalent to the accepted answer 'falling asleep' and does not provide a meaningful answer to the question about the goal of going to bed.""}",False,False
ex_00329_cfc7fccb8449a2a950c9d2a50991420e,What happens at soon as a living being is born?,A,['growing older'],incorrect,high,"The model answer 'A' is not semantically equivalent to the accepted answer 'growing older' and does not provide a meaningful response to the question. The accepted answer is semantically correct and directly addresses the question, while the model answer is incomplete and unclear.","{""verdict"":""incorrect"",""confidence"":""high"",""reason"":""The model answer 'A' is not semantically equivalent to the accepted answer 'growing older' and does not provide a meaningful response to the question. The accepted answer is semantically correct and directly addresses the question, while the model answer is incomplete and unclear.""}","{""verdict"":""incorrect"",""confidence"":""high"",""reason"":""The model answer 'A' is not semantically equivalent to the accepted answer 'growing older' and does not provide a meaningful response to the question. The accepted answer is semantically correct and directly addresses the question, while the model answer is incomplete and unclear.""}",False,False
ex_00342_64931f9097155672bfe3e16f03b2c195,"Pens, computers, text books and paper clips can all be found where?",A,['university'],incorrect,high,The model answer 'A' is not semantically equivalent to the accepted answer 'university' and does not provide a valid answer to the question.,"{""verdict"":""incorrect"",""confidence"":""high"",""reason"":""The model answer 'A' is not semantically equivalent to the accepted answer 'university' and does not provide a valid answer to the question.""}","{""verdict"":""incorrect"",""confidence"":""high"",""reason"":""The model answer 'A' is not semantically equivalent to the accepted answer 'university' and does not provide a valid answer to the question.""}",False,False
ex_00343_5de3248caa2e5ed83dd0ec45a15eae18,What geographic area is a lizard likely to be?,C,['west texas'],incorrect,high,The model answer 'C' is not semantically equivalent to the accepted answer 'west texas' and does not represent a valid geographic area.,"{""verdict"":""incorrect"",""confidence"":""high"",""reason"":""The model answer 'C' is not semantically equivalent to the accepted answer 'west texas' and does not represent a valid geographic area.""}","{""verdict"":""incorrect"",""confidence"":""high"",""reason"":""The model answer 'C' is not semantically equivalent to the accepted answer 'west texas' and does not represent a valid geographic area.""}",False,False
ex_00353_b93532cae23e505628dd88568da3337e,Where can you store your dishes in your dwelling?,E) cabinet,['shelf'],ambiguous,medium,"'Cabinet' is a valid storage place for dishes, but 'shelf' is the accepted answer. The model answer is not semantically equivalent to the accepted answer, and there may be historical or contextual disputes about the primary storage location for dishes in a dwelling.","{""verdict"":""ambiguous"",""confidence"":""medium"",""reason"":""'Cabinet' is a valid storage place for dishes, but 'shelf' is the accepted answer. The model answer is not semantically equivalent to the accepted answer, and there may be historical or contextual disputes about the primary storage location for dishes in a dwelling.""}","{""verdict"":""ambiguous"",""confidence"":""medium"",""reason"":""'Cabinet' is a valid storage place for dishes, but 'shelf' is the accepted answer. The model answer is not semantically equivalent to the accepted answer, and there may be historical or contextual disputes about the primary storage location for dishes in a dwelling.""}",False,False
ex_00360_494c501dbbfd36c602aae9e5b8e0cfff,"Flowers make a good center focal point, just one of many arrangements that look good on a what?",1. The question,['table'],incorrect,high,The model answer '1. The question' is not semantically equivalent to the accepted answer 'table' and does not provide a valid answer to the question. The correct answer is 'table' as it refers to the item on which flower arrangements are placed.,"{""verdict"":""incorrect"",""confidence"":""high"",""reason"":""The model answer '1. The question' is not semantically equivalent to the accepted answer 'table' and does not provide a valid answer to the question. The correct answer is 'table' as it refers to the item on which flower arrangements are placed.""}","{""verdict"":""incorrect"",""confidence"":""high"",""reason"":""The model answer '1. The question' is not semantically equivalent to the accepted answer 'table' and does not provide a valid answer to the question. The correct answer is 'table' as it refers to the item on which flower arrangements are placed.""}",False,False
ex_00390_7f25dbab26165b3c8800c2733ca759d6,John was an aristocratic fox hunter.  Where might he live?,A) england,['new hampshire'],ambiguous,medium,"While 'england' is a possible location for a fox hunter, the accepted answer 'new hampshire' is more specific and directly aligns with the question. The model answer is not semantically equivalent to the accepted answer, and there is ambiguity because fox hunting is a historical activity that could have been practiced in England, but the accepted answer points to a specific location.","{""verdict"":""ambiguous"",""confidence"":""medium"",""reason"":""While 'england' is a possible location for a fox hunter, the accepted answer 'new hampshire' is more specific and directly aligns with the question. The model answer is not semantically equivalent to the accepted answer, and there is ambiguity because fox hunting is a historical activity that could have been practiced in England, but the accepted answer points to a specific location.""}","{""verdict"":""ambiguous"",""confidence"":""medium"",""reason"":""While 'england' is a possible location for a fox hunter, the accepted answer 'new hampshire' is more specific and directly aligns with the question. The model answer is not semantically equivalent to the accepted answer, and there is ambiguity because fox hunting is a historical activity that could have been practiced in England, but the accepted answer points to a specific location.""}",False,False
ex_00404_a7f423c1636ba9e36d18e381928c5dcc,"Sarah didn't like to play but she didn't want to be sedentary and bored, either, so she took up what?",B,['musical'],incorrect,high,"The model answer 'B' is not semantically equivalent to the accepted answer 'musical' and does not provide a valid answer to the question. The question asks what Sarah took up to avoid being sedentary and bored, and the correct answer is 'musical' (e.g., musical activities like playing an instrument or dancing). 'B' is not a meaningful answer in this context.","{""verdict"":""incorrect"",""confidence"":""high"",""reason"":""The model answer 'B' is not semantically equivalent to the accepted answer 'musical' and does not provide a valid answer to the question. The question asks what Sarah took up to avoid being sedentary and bored, and the correct answer is 'musical' (e.g., musical activities like playing an instrument or dancing). 'B' is not a meaningful answer in this context.""}","{""verdict"":""incorrect"",""confidence"":""high"",""reason"":""The model answer 'B' is not semantically equivalent to the accepted answer 'musical' and does not provide a valid answer to the question. The question asks what Sarah took up to avoid being sedentary and bored, and the correct answer is 'musical' (e.g., musical activities like playing an instrument or dancing). 'B' is not a meaningful answer in this context.""}",False,False
ex_00417_b92f786638796fc028947ac0e9a44fef,Where is the large area location of the empire state building?,A,['new york city'],incorrect,high,The model answer 'A' is not semantically equivalent to the accepted answer 'new york city' and does not refer to the location of the Empire State Building.,"{""verdict"":""incorrect"",""confidence"":""high"",""reason"":""The model answer 'A' is not semantically equivalent to the accepted answer 'new york city' and does not refer to the location of the Empire State Building.""}","{""verdict"":""incorrect"",""confidence"":""high"",""reason"":""The model answer 'A' is not semantically equivalent to the accepted answer 'new york city' and does not refer to the location of the Empire State Building.""}",False,False
ex_00436_75ac594b4fdbfba006e61315d1b2c815,Going public about a common problem can gain what for a celebrity?,E,['wide acceptance'],incorrect,high,The model answer 'E' is not semantically equivalent to the accepted answer 'wide acceptance' and does not provide a meaningful answer to the question.,"{""verdict"":""incorrect"",""confidence"":""high"",""reason"":""The model answer 'E' is not semantically equivalent to the accepted answer 'wide acceptance' and does not provide a meaningful answer to the question.""}","{""verdict"":""incorrect"",""confidence"":""high"",""reason"":""The model answer 'E' is not semantically equivalent to the accepted answer 'wide acceptance' and does not provide a meaningful answer to the question.""}",False,False
ex_00448_e98031901c815e55040d9fe28c4d9387,Where would a cat snuggle up with their human?,C,['comfortable chair'],incorrect,high,The model answer 'C' is not semantically equivalent to the accepted answer 'comfortable chair' and does not provide a meaningful answer to the question.,"{""verdict"":""incorrect"",""confidence"":""high"",""reason"":""The model answer 'C' is not semantically equivalent to the accepted answer 'comfortable chair' and does not provide a meaningful answer to the question.""}","{""verdict"":""incorrect"",""confidence"":""high"",""reason"":""The model answer 'C' is not semantically equivalent to the accepted answer 'comfortable chair' and does not provide a meaningful answer to the question.""}",False,False
ex_00450_2ac72eaf30a633c410b1bd658bbef0ba,Where do cars usually travel at very high speeds?,A,['race track'],incorrect,high,The model answer 'A' is not semantically equivalent to the accepted answer 'race track' and does not provide a valid answer to the question about where cars usually travel at very high speeds.,"{""verdict"":""incorrect"",""confidence"":""high"",""reason"":""The model answer 'A' is not semantically equivalent to the accepted answer 'race track' and does not provide a valid answer to the question about where cars usually travel at very high speeds.""}","{""verdict"":""incorrect"",""confidence"":""high"",""reason"":""The model answer 'A' is not semantically equivalent to the accepted answer 'race track' and does not provide a valid answer to the question about where cars usually travel at very high speeds.""}",False,False
ex_00451_22fc45d9e6d0baea4a5b0526504225b8,What might a person be watching if they see a man with a suitcase full of money?,D) airplane,['movie'],incorrect,high,"The model answer 'airplane' is not semantically equivalent to the accepted answer 'movie'. The scenario described in the question ('a man with a suitcase full of money') is most commonly associated with the movie 'The Pursuit of Happyness', making 'movie' the correct answer. 'Airplane' refers to a different entity and is not a valid answer to the question.","{""verdict"":""incorrect"",""confidence"":""high"",""reason"":""The model answer 'airplane' is not semantically equivalent to the accepted answer 'movie'. The scenario described in the question ('a man with a suitcase full of money') is most commonly associated with the movie 'The Pursuit of Happyness', making 'movie' the correct answer. 'Airplane' refers to a different entity and is not a valid answer to the question.""}","{""verdict"":""incorrect"",""confidence"":""high"",""reason"":""The model answer 'airplane' is not semantically equivalent to the accepted answer 'movie'. The scenario described in the question ('a man with a suitcase full of money') is most commonly associated with the movie 'The Pursuit of Happyness', making 'movie' the correct answer. 'Airplane' refers to a different entity and is not a valid answer to the question.""}",False,False
ex_00468_1e939cc6fef999953d692b57caab254b,What would you put coins into to make it work?,E) jar,['water fountain'],incorrect,high,"The model answer 'jar' is not semantically equivalent to the accepted answer 'water fountain'. A water fountain is a device where coins are inserted to dispense water, while a jar is a container for holding items, not a mechanism for using coins.","{""verdict"":""incorrect"",""confidence"":""high"",""reason"":""The model answer 'jar' is not semantically equivalent to the accepted answer 'water fountain'. A water fountain is a device where coins are inserted to dispense water, while a jar is a container for holding items, not a mechanism for using coins.""}","{""verdict"":""incorrect"",""confidence"":""high"",""reason"":""The model answer 'jar' is not semantically equivalent to the accepted answer 'water fountain'. A water fountain is a device where coins are inserted to dispense water, while a jar is a container for holding items, not a mechanism for using coins.""}",False,False
ex_00498_9808782b2e2e1bfbfa27c41e605bfffe,Where might a lemur frolic in the market?,E,['india'],incorrect,high,The model answer 'E' is not semantically equivalent to the accepted answer 'india' and does not refer to a known entity or location associated with lemurs frolicking in a market.,"{""verdict"":""incorrect"",""confidence"":""high"",""reason"":""The model answer 'E' is not semantically equivalent to the accepted answer 'india' and does not refer to a known entity or location associated with lemurs frolicking in a market.""}","{""verdict"":""incorrect"",""confidence"":""high"",""reason"":""The model answer 'E' is not semantically equivalent to the accepted answer 'india' and does not refer to a known entity or location associated with lemurs frolicking in a market.""}",False,False
ex_00511_b5345f15d5b451562ab9e0851e7f394f,The smile gave away that the what was one of happiness?,1,['cry'],incorrect,high,The model answer '1' is not semantically equivalent to the accepted answer 'cry' and does not convey the intended meaning of the question.,"{""verdict"":""incorrect"",""confidence"":""high"",""reason"":""The model answer '1' is not semantically equivalent to the accepted answer 'cry' and does not convey the intended meaning of the question.""}","{""verdict"":""incorrect"",""confidence"":""high"",""reason"":""The model answer '1' is not semantically equivalent to the accepted answer 'cry' and does not convey the intended meaning of the question.""}",False,False
ex_00513_a1303b5177df0a5b653c9abd7d5f5e08,Where would a person live if they wanted no neighbors?,C,['woods'],incorrect,high,The model answer 'C' is not semantically equivalent to the accepted answer 'woods' and does not represent a valid answer to the question 'Where would a person live if they wanted no neighbors?'. 'C' is not a recognized location or alias for a place with no neighbors.,"{""verdict"":""incorrect"",""confidence"":""high"",""reason"":""The model answer 'C' is not semantically equivalent to the accepted answer 'woods' and does not represent a valid answer to the question 'Where would a person live if they wanted no neighbors?'. 'C' is not a recognized location or alias for a place with no neighbors.""}","{""verdict"":""incorrect"",""confidence"":""high"",""reason"":""The model answer 'C' is not semantically equivalent to the accepted answer 'woods' and does not represent a valid answer to the question 'Where would a person live if they wanted no neighbors?'. 'C' is not a recognized location or alias for a place with no neighbors.""}",False,False
ex_00520_18eb6a3b54ccf4989e268cfb9ea90f9c,What would friends do if they need each others' help?,A,['group together'],incorrect,high,The model answer 'A' is not semantically equivalent to the accepted answer 'group together' and does not provide a meaningful response to the question.,"{""verdict"":""incorrect"",""confidence"":""high"",""reason"":""The model answer 'A' is not semantically equivalent to the accepted answer 'group together' and does not provide a meaningful response to the question.""}","{""verdict"":""incorrect"",""confidence"":""high"",""reason"":""The model answer 'A' is not semantically equivalent to the accepted answer 'group together' and does not provide a meaningful response to the question.""}",False,False
ex_00529_4536489e5d8e02aadc3fcc7a55effe20,Where would you get some maps that you own?,A,['cabinet'],ambiguous,medium,"The accepted answer 'cabinet' refers to a physical location where maps might be stored, but the model answer 'A' is too vague and does not clearly align with the accepted answer. Without additional context, 'A' could refer to many things, making the answer ambiguous.","{""verdict"":""ambiguous"",""confidence"":""medium"",""reason"":""The accepted answer 'cabinet' refers to a physical location where maps might be stored, but the model answer 'A' is too vague and does not clearly align with the accepted answer. Without additional context, 'A' could refer to many things, making the answer ambiguous.""}","{""verdict"":""ambiguous"",""confidence"":""medium"",""reason"":""The accepted answer 'cabinet' refers to a physical location where maps might be stored, but the model answer 'A' is too vague and does not clearly align with the accepted answer. Without additional context, 'A' could refer to many things, making the answer ambiguous.""}",False,False
ex_00553_5d03ad171fd661a28da5b6eb79967a6b,If it's not used for hair a round brush is an example of what?,A,['art supplies'],incorrect,high,"The model answer 'A' is not semantically equivalent to the accepted answer 'art supplies'. The question asks for the category of a round brush not used for hair, and 'art supplies' is the correct category, while 'A' is incomplete and not meaningful in this context.","{""verdict"":""incorrect"",""confidence"":""high"",""reason"":""The model answer 'A' is not semantically equivalent to the accepted answer 'art supplies'. The question asks for the category of a round brush not used for hair, and 'art supplies' is the correct category, while 'A' is incomplete and not meaningful in this context.""}","{""verdict"":""incorrect"",""confidence"":""high"",""reason"":""The model answer 'A' is not semantically equivalent to the accepted answer 'art supplies'. The question asks for the category of a round brush not used for hair, and 'art supplies' is the correct category, while 'A' is incomplete and not meaningful in this context.""}",False,False
ex_00567_29c2cc0ba85b4afb9c9d29801469a68f,"A potato is kept in the cellar, where is likely to be stored?",C) pantry,['bushel basket'],ambiguous,medium,"The accepted answer 'bushel basket' refers to a specific storage container, while 'pantry' is a broader storage area. The model answer 'pantry' is not semantically equivalent to 'bushel basket' but could be a plausible location for storing a potato, making the answer ambiguous.","{""verdict"":""ambiguous"",""confidence"":""medium"",""reason"":""The accepted answer 'bushel basket' refers to a specific storage container, while 'pantry' is a broader storage area. The model answer 'pantry' is not semantically equivalent to 'bushel basket' but could be a plausible location for storing a potato, making the answer ambiguous.""}","{""verdict"":""ambiguous"",""confidence"":""medium"",""reason"":""The accepted answer 'bushel basket' refers to a specific storage container, while 'pantry' is a broader storage area. The model answer 'pantry' is not semantically equivalent to 'bushel basket' but could be a plausible location for storing a potato, making the answer ambiguous.""}",False,False
ex_00576_07fd8b0aed06406fedb137d11b07a890,Joe plays a percussion instrument in something.  What might be play in?,C,['orchestra'],ambiguous,medium,"The model answer 'C' is too vague and does not clearly correspond to the accepted answer 'orchestra'. While 'C' could stand for 'concert' or 'corps', it is not semantically equivalent to 'orchestra' without additional context. The question is about a specific entity, and 'C' is not a recognized alias or shorthand for 'orchestra' in this context.","{""verdict"":""ambiguous"",""confidence"":""medium"",""reason"":""The model answer 'C' is too vague and does not clearly correspond to the accepted answer 'orchestra'. While 'C' could stand for 'concert' or 'corps', it is not semantically equivalent to 'orchestra' without additional context. The question is about a specific entity, and 'C' is not a recognized alias or shorthand for 'orchestra' in this context.""}","{""verdict"":""ambiguous"",""confidence"":""medium"",""reason"":""The model answer 'C' is too vague and does not clearly correspond to the accepted answer 'orchestra'. While 'C' could stand for 'concert' or 'corps', it is not semantically equivalent to 'orchestra' without additional context. The question is about a specific entity, and 'C' is not a recognized alias or shorthand for 'orchestra' in this context.""}",False,False
ex_00580_9a356ff463c042d04ba45bfd627bac20,Where is known to be a wealth of information?,B) internet,['library'],ambiguous,medium,"The accepted answer 'library' is a valid source of information, but the model answer 'internet' refers to a broader and more modern source of information. While both can be considered 'wealth of information,' the context and scope differ, making the equivalence ambiguous.","{""verdict"":""ambiguous"",""confidence"":""medium"",""reason"":""The accepted answer 'library' is a valid source of information, but the model answer 'internet' refers to a broader and more modern source of information. While both can be considered 'wealth of information,' the context and scope differ, making the equivalence ambiguous.""}","{""verdict"":""ambiguous"",""confidence"":""medium"",""reason"":""The accepted answer 'library' is a valid source of information, but the model answer 'internet' refers to a broader and more modern source of information. While both can be considered 'wealth of information,' the context and scope differ, making the equivalence ambiguous.""}",False,False
ex_00601_bd4e80fa6642a76c064d0bc924411fb0,When you wipe you feet on the door mat and walk through the door where do you enter?,D) doorway,['living room'],ambiguous,medium,"The accepted answer 'living room' refers to a specific room in a house, while the model answer 'doorway' refers to the physical passage through which one enters. The question is about where one enters after wiping feet on a door mat, which is more directly related to the doorway. However, 'living room' could be a possible answer if the context implies the room beyond the doorway. Thus, the answers are not semantically equivalent, leading to an ambiguous verdict.","{""verdict"":""ambiguous"",""confidence"":""medium"",""reason"":""The accepted answer 'living room' refers to a specific room in a house, while the model answer 'doorway' refers to the physical passage through which one enters. The question is about where one enters after wiping feet on a door mat, which is more directly related to the doorway. However, 'living room' could be a possible answer if the context implies the room beyond the doorway. Thus, the answers are not semantically equivalent, leading to an ambiguous verdict.""}","{""verdict"":""ambiguous"",""confidence"":""medium"",""reason"":""The accepted answer 'living room' refers to a specific room in a house, while the model answer 'doorway' refers to the physical passage through which one enters. The question is about where one enters after wiping feet on a door mat, which is more directly related to the doorway. However, 'living room' could be a possible answer if the context implies the room beyond the doorway. Thus, the answers are not semantically equivalent, leading to an ambiguous verdict.""}",False,False
ex_00616_5ff8b0deed53b9ff91d58bd5b6f85bdf,What does a farmer need to do to make  a maze on his farm in the fall?,B) plant seeds,['grow corn'],ambiguous,medium,"'grow corn' is a valid accepted answer, but 'plant seeds' is a more general and less specific answer. While planting seeds could be part of growing corn, it is not semantically equivalent to 'grow corn' in this context. The question specifies 'in the fall,' which may involve specific corn-related activities, but 'plant seeds' is too broad and could refer to any crop.","{""verdict"":""ambiguous"",""confidence"":""medium"",""reason"":""'grow corn' is a valid accepted answer, but 'plant seeds' is a more general and less specific answer. While planting seeds could be part of growing corn, it is not semantically equivalent to 'grow corn' in this context. The question specifies 'in the fall,' which may involve specific corn-related activities, but 'plant seeds' is too broad and could refer to any crop.""}","{""verdict"":""ambiguous"",""confidence"":""medium"",""reason"":""'grow corn' is a valid accepted answer, but 'plant seeds' is a more general and less specific answer. While planting seeds could be part of growing corn, it is not semantically equivalent to 'grow corn' in this context. The question specifies 'in the fall,' which may involve specific corn-related activities, but 'plant seeds' is too broad and could refer to any crop.""}",False,False
ex_00645_dc36293f603cf230f8059fc6f2e5660d,Where would you put nails if they are already packaged?,B) container,['cabinet'],ambiguous,medium,"'Container' is a broader term than 'cabinet,' and while 'cabinet' is an accepted answer, 'container' could refer to any storage unit. The model answer is not semantically equivalent but could be considered a valid, more general answer.","{""verdict"":""ambiguous"",""confidence"":""medium"",""reason"":""'Container' is a broader term than 'cabinet,' and while 'cabinet' is an accepted answer, 'container' could refer to any storage unit. The model answer is not semantically equivalent but could be considered a valid, more general answer.""}","{""verdict"":""ambiguous"",""confidence"":""medium"",""reason"":""'Container' is a broader term than 'cabinet,' and while 'cabinet' is an accepted answer, 'container' could refer to any storage unit. The model answer is not semantically equivalent but could be considered a valid, more general answer.""}",False,False
ex_00672_60848ce50295fc745756fbe960e78b88,What would I be doing while going to work and walking?,D) walk,['listen to radio'],incorrect,high,"The model answer 'walk' is not semantically equivalent to the accepted answer 'listen to radio'. The question asks what one would be doing while going to work and walking, and 'listen to radio' is the correct activity, whereas 'walk' is the action itself, not the activity being performed.","{""verdict"":""incorrect"",""confidence"":""high"",""reason"":""The model answer 'walk' is not semantically equivalent to the accepted answer 'listen to radio'. The question asks what one would be doing while going to work and walking, and 'listen to radio' is the correct activity, whereas 'walk' is the action itself, not the activity being performed.""}","{""verdict"":""incorrect"",""confidence"":""high"",""reason"":""The model answer 'walk' is not semantically equivalent to the accepted answer 'listen to radio'. The question asks what one would be doing while going to work and walking, and 'listen to radio' is the correct activity, whereas 'walk' is the action itself, not the activity being performed.""}",False,False
ex_00676_335b51bd3a8ada014bbe6754dcbd425f,Where are there likely to be a variety of flats to choose from?,A,['city'],ambiguous,medium,"The accepted answer 'city' is semantically related to the model answer 'A', but 'A' is too vague and does not clearly refer to a specific entity or concept. Without additional context, 'A' is not clearly equivalent to 'city' and could refer to many different things, making the answer ambiguous.","{""verdict"":""ambiguous"",""confidence"":""medium"",""reason"":""The accepted answer 'city' is semantically related to the model answer 'A', but 'A' is too vague and does not clearly refer to a specific entity or concept. Without additional context, 'A' is not clearly equivalent to 'city' and could refer to many different things, making the answer ambiguous.""}","{""verdict"":""ambiguous"",""confidence"":""medium"",""reason"":""The accepted answer 'city' is semantically related to the model answer 'A', but 'A' is too vague and does not clearly refer to a specific entity or concept. Without additional context, 'A' is not clearly equivalent to 'city' and could refer to many different things, making the answer ambiguous.""}",False,False
ex_00688_3df1b88da6a90c9526be2c8a6cc736dc,Billy saw a dog running from him and did his best to get away from it.  The leaped up to where the dog couldn't reach and was stuck.  Where might he have been trapped?,A,['table'],incorrect,high,"The model answer 'A' is not semantically equivalent to the accepted answer 'table'. The context describes a situation where Billy is trapped, and the only plausible location that fits the scenario of being stuck where a dog cannot reach is a table. The model answer is too vague and does not match the specific entity in the accepted answer.","{""verdict"":""incorrect"",""confidence"":""high"",""reason"":""The model answer 'A' is not semantically equivalent to the accepted answer 'table'. The context describes a situation where Billy is trapped, and the only plausible location that fits the scenario of being stuck where a dog cannot reach is a table. The model answer is too vague and does not match the specific entity in the accepted answer.""}","{""verdict"":""incorrect"",""confidence"":""high"",""reason"":""The model answer 'A' is not semantically equivalent to the accepted answer 'table'. The context describes a situation where Billy is trapped, and the only plausible location that fits the scenario of being stuck where a dog cannot reach is a table. The model answer is too vague and does not match the specific entity in the accepted answer.""}",False,False
ex_00717_ef889edd1b57d8d0c81e43f73c98c8e9,Where could you get some knives if you are planning to bring them outside with you?,A) sporting goods,['kitchen'],ambiguous,medium,"The accepted answer 'kitchen' is a place where knives might be found, but the model answer 'sporting goods' refers to a different context where knives are sold or available for purchase. While 'kitchen' could be a valid answer depending on the context, 'sporting goods' is not semantically equivalent and may be considered a different entity.","{""verdict"":""ambiguous"",""confidence"":""medium"",""reason"":""The accepted answer 'kitchen' is a place where knives might be found, but the model answer 'sporting goods' refers to a different context where knives are sold or available for purchase. While 'kitchen' could be a valid answer depending on the context, 'sporting goods' is not semantically equivalent and may be considered a different entity.""}","{""verdict"":""ambiguous"",""confidence"":""medium"",""reason"":""The accepted answer 'kitchen' is a place where knives might be found, but the model answer 'sporting goods' refers to a different context where knives are sold or available for purchase. While 'kitchen' could be a valid answer depending on the context, 'sporting goods' is not semantically equivalent and may be considered a different entity.""}",False,False
ex_00728_896b25dc41f84357add1c798d4a96cd8,Where is seaweed usually found alive?,A,['water'],incorrect,low,"{""verdict"":""incorrect"",""confidence"":""high"",""reason"":""The model answer 'A' is not semantically equivalent to the accepted answer 'water' and does not provide a valid answer to the question 'Where is seaweed usually found alive?'""}
}","{""verdict"":""incorrect"",""confidence"":""high"",""reason"":""The model answer 'A' is not semantically equivalent to the accepted answer 'water' and does not provide a valid answer to the question 'Where is seaweed usually found alive?'""}
}","{""verdict"":""incorrect"",""confidence"":""high"",""reason"":""The model answer 'A' is not semantically equivalent to the accepted answer 'water' and does not provide a valid answer to the question 'Where is seaweed usually found alive?'""}
}",False,False
ex_00734_87505da761eaa5c3c4703d02a12d46bc,What is the word added to Manchester that signifies what county it is in?,C) lancashire,['greater manchester'],incorrect,high,"The model answer 'lancashire' is incorrect because the accepted answer 'greater manchester' refers to the administrative county, while Lancashire is a historical county. The question asks for the word added to Manchester to signify the county, and 'greater manchester' is the correct answer.","{""verdict"":""incorrect"",""confidence"":""high"",""reason"":""The model answer 'lancashire' is incorrect because the accepted answer 'greater manchester' refers to the administrative county, while Lancashire is a historical county. The question asks for the word added to Manchester to signify the county, and 'greater manchester' is the correct answer.""}","{""verdict"":""incorrect"",""confidence"":""high"",""reason"":""The model answer 'lancashire' is incorrect because the accepted answer 'greater manchester' refers to the administrative county, while Lancashire is a historical county. The question asks for the word added to Manchester to signify the county, and 'greater manchester' is the correct answer.""}",False,False
ex_00765_d6c002d46d9bfa466637cec4a134f332,How many hours are in a day?,24 hours make,['twenty four'],ambiguous,medium,"The model answer '24 hours make' is incomplete and does not directly answer the question 'How many hours are in a day?' The accepted answer 'twenty four' is semantically equivalent, but the model answer is not a valid shorter form or complete response.","{""verdict"":""ambiguous"",""confidence"":""medium"",""reason"":""The model answer '24 hours make' is incomplete and does not directly answer the question 'How many hours are in a day?' The accepted answer 'twenty four' is semantically equivalent, but the model answer is not a valid shorter form or complete response.""}","{""verdict"":""ambiguous"",""confidence"":""medium"",""reason"":""The model answer '24 hours make' is incomplete and does not directly answer the question 'How many hours are in a day?' The accepted answer 'twenty four' is semantically equivalent, but the model answer is not a valid shorter form or complete response.""}",False,False
ex_00777_c7cb327fa4c0008efaa7741081a365d4,What would you be building if you designed a place for an annoying critter to stay?,D) cat condo,['bug campers'],ambiguous,medium,"'Cat condo' refers to a place for cats, while 'bug campers' refers to a place for bugs. The model answer is not semantically equivalent to the accepted answer, but it could be considered a valid alias for a similar concept (a place for a specific animal). However, the intended target of the question is 'bug campers,' making the model answer ambiguous.","{""verdict"":""ambiguous"",""confidence"":""medium"",""reason"":""'Cat condo' refers to a place for cats, while 'bug campers' refers to a place for bugs. The model answer is not semantically equivalent to the accepted answer, but it could be considered a valid alias for a similar concept (a place for a specific animal). However, the intended target of the question is 'bug campers,' making the model answer ambiguous.""}","{""verdict"":""ambiguous"",""confidence"":""medium"",""reason"":""'Cat condo' refers to a place for cats, while 'bug campers' refers to a place for bugs. The model answer is not semantically equivalent to the accepted answer, but it could be considered a valid alias for a similar concept (a place for a specific animal). However, the intended target of the question is 'bug campers,' making the model answer ambiguous.""}",False,False
ex_00789_6b270159bd402ddd498a38153f9d1efe,"The rats were hiding in the house, where were they?",C,['cellar'],correct,high,"The model answer 'C' is a valid shorter form of the accepted answer 'cellar', as 'C' is a common abbreviation for 'cellar' in certain contexts.","{""verdict"":""correct"",""confidence"":""high"",""reason"":""The model answer 'C' is a valid shorter form of the accepted answer 'cellar', as 'C' is a common abbreviation for 'cellar' in certain contexts.""}","{""verdict"":""correct"",""confidence"":""high"",""reason"":""The model answer 'C' is a valid shorter form of the accepted answer 'cellar', as 'C' is a common abbreviation for 'cellar' in certain contexts.""}",False,False
ex_00791_a5ca7c89196e54938b5827814d0071d4,James saw a kite flying in the sky.  He traced the string back to its origin and found it.  Where did the string begin?,C) his hand,"[""child's hand""]",correct,high,"The model answer 'his hand' is semantically equivalent to the accepted answer 'child's hand', as 'his' refers to James, the subject of the sentence, and 'child's hand' is the intended meaning in the context.","{""verdict"":""correct"",""confidence"":""high"",""reason"":""The model answer 'his hand' is semantically equivalent to the accepted answer 'child's hand', as 'his' refers to James, the subject of the sentence, and 'child's hand' is the intended meaning in the context.""}","{""verdict"":""correct"",""confidence"":""high"",""reason"":""The model answer 'his hand' is semantically equivalent to the accepted answer 'child's hand', as 'his' refers to James, the subject of the sentence, and 'child's hand' is the intended meaning in the context.""}",False,False
ex_00800_cc8324b73ed9625e723ef041dfc77a37,What might happen if someone is not losing weight?,A,['death'],incorrect,low,"{""verdict"":""incorrect"",""confidence"":""high"",""reason"":""The model answer 'A' is not semantically equivalent to the accepted answer 'death' and does not provide a meaningful or related response to the question.'}","{""verdict"":""incorrect"",""confidence"":""high"",""reason"":""The model answer 'A' is not semantically equivalent to the accepted answer 'death' and does not provide a meaningful or related response to the question.'}","{""verdict"":""incorrect"",""confidence"":""high"",""reason"":""The model answer 'A' is not semantically equivalent to the accepted answer 'death' and does not provide a meaningful or related response to the question.'}",False,False
ex_00806_31bd05ba62a16ee35217224b98c6baea,What is a person likely to experience after they stop being married to a mean person?,D) relief,['happiness'],ambiguous,medium,"The accepted answer 'happiness' is a broad and positive outcome, while 'relief' implies a more specific emotional response to the end of a stressful relationship. The model answer is partially correct but not clearly equivalent to the accepted answer, making the verdict ambiguous.","{""verdict"":""ambiguous"",""confidence"":""medium"",""reason"":""The accepted answer 'happiness' is a broad and positive outcome, while 'relief' implies a more specific emotional response to the end of a stressful relationship. The model answer is partially correct but not clearly equivalent to the accepted answer, making the verdict ambiguous.""}","{""verdict"":""ambiguous"",""confidence"":""medium"",""reason"":""The accepted answer 'happiness' is a broad and positive outcome, while 'relief' implies a more specific emotional response to the end of a stressful relationship. The model answer is partially correct but not clearly equivalent to the accepted answer, making the verdict ambiguous.""}",False,False
ex_00843_300bd7704ae8c5fcef618902f18fd01d,What does someone do to relax at night?,C) listen to,['go to bed'],ambiguous,medium,"The model answer 'listen to' is incomplete and does not fully capture the semantic equivalence of 'go to bed'. While listening to music or other media can be a way to relax, 'go to bed' is a more direct and comprehensive answer. The model answer is partially correct but not clearly equivalent to the accepted answer.","{""verdict"":""ambiguous"",""confidence"":""medium"",""reason"":""The model answer 'listen to' is incomplete and does not fully capture the semantic equivalence of 'go to bed'. While listening to music or other media can be a way to relax, 'go to bed' is a more direct and comprehensive answer. The model answer is partially correct but not clearly equivalent to the accepted answer.""}","{""verdict"":""ambiguous"",""confidence"":""medium"",""reason"":""The model answer 'listen to' is incomplete and does not fully capture the semantic equivalence of 'go to bed'. While listening to music or other media can be a way to relax, 'go to bed' is a more direct and comprehensive answer. The model answer is partially correct but not clearly equivalent to the accepted answer.""}",False,False
ex_00846_78276a4eab6e8d6b9ae3749211816977,"Sean was a wreck.  He  loved to build houses, but in his current state, he couldn't do what?",E) build,['construct'],correct,high,The model answer 'build' is semantically equivalent to the accepted answer 'construct' and is a valid shorter form of the compound answer.,"{""verdict"":""correct"",""confidence"":""high"",""reason"":""The model answer 'build' is semantically equivalent to the accepted answer 'construct' and is a valid shorter form of the compound answer.""}","{""verdict"":""correct"",""confidence"":""high"",""reason"":""The model answer 'build' is semantically equivalent to the accepted answer 'construct' and is a valid shorter form of the compound answer.""}",True,False
ex_00859_004607228ad49b69eac932c1005d6106,Where would you get a pen if you do not have one?,D) pocket,"[""friend's house""]",incorrect,high,"The model answer 'pocket' is not semantically equivalent to the accepted answer 'friend's house'. The question asks where one would get a pen if they do not have one, which implies a place to obtain a pen, not a place to keep one. 'Pocket' refers to a place to carry a pen, not a source to acquire it.","{""verdict"":""incorrect"",""confidence"":""high"",""reason"":""The model answer 'pocket' is not semantically equivalent to the accepted answer 'friend's house'. The question asks where one would get a pen if they do not have one, which implies a place to obtain a pen, not a place to keep one. 'Pocket' refers to a place to carry a pen, not a source to acquire it.""}","{""verdict"":""incorrect"",""confidence"":""high"",""reason"":""The model answer 'pocket' is not semantically equivalent to the accepted answer 'friend's house'. The question asks where one would get a pen if they do not have one, which implies a place to obtain a pen, not a place to keep one. 'Pocket' refers to a place to carry a pen, not a source to acquire it.""}",False,False
ex_00862_6f48ee564a48293eb501cc0d8197bdd9,Where would you display a picture on a horizontal surface?,E,['shelf'],incorrect,high,The model answer 'E' is not semantically equivalent to the accepted answer 'shelf' and does not represent a valid answer to the question 'Where would you display a picture on a horizontal surface?'. 'E' is not a recognized alias or equivalent term for a shelf in this context.,"{""verdict"":""incorrect"",""confidence"":""high"",""reason"":""The model answer 'E' is not semantically equivalent to the accepted answer 'shelf' and does not represent a valid answer to the question 'Where would you display a picture on a horizontal surface?'. 'E' is not a recognized alias or equivalent term for a shelf in this context.""}","{""verdict"":""incorrect"",""confidence"":""high"",""reason"":""The model answer 'E' is not semantically equivalent to the accepted answer 'shelf' and does not represent a valid answer to the question 'Where would you display a picture on a horizontal surface?'. 'E' is not a recognized alias or equivalent term for a shelf in this context.""}",False,False
ex_00898_63db79b940f36f0333377f85c19eacb2,"I listened to lecture intensely, what is my goal?",D) pay attention,['concentrate'],correct,high,'pay attention' is semantically equivalent to 'concentrate' in the context of listening to a lecture intensely.,"{""verdict"":""correct"",""confidence"":""high"",""reason"":""'pay attention' is semantically equivalent to 'concentrate' in the context of listening to a lecture intensely.""}","{""verdict"":""correct"",""confidence"":""high"",""reason"":""'pay attention' is semantically equivalent to 'concentrate' in the context of listening to a lecture intensely.""}",False,False
ex_00905_2f1680da0d388a8453150ff3637e4689,Where would you be concerned about finding a cavity?,D) unbrush,['teeth'],incorrect,high,"The model answer 'unbrush' is not semantically equivalent to 'teeth' and does not address the question of where one would be concerned about finding a cavity. 'Unbrush' refers to a state or action, not a location or body part where cavities are found.","{""verdict"":""incorrect"",""confidence"":""high"",""reason"":""The model answer 'unbrush' is not semantically equivalent to 'teeth' and does not address the question of where one would be concerned about finding a cavity. 'Unbrush' refers to a state or action, not a location or body part where cavities are found.""}","{""verdict"":""incorrect"",""confidence"":""high"",""reason"":""The model answer 'unbrush' is not semantically equivalent to 'teeth' and does not address the question of where one would be concerned about finding a cavity. 'Unbrush' refers to a state or action, not a location or body part where cavities are found.""}",False,False
ex_00915_3c6e2d95a63316b31986e8c7979582c9,What will happen to animals after eating food?,B) digestion,['feel pleasure'],incorrect,high,"The model answer 'digestion' refers to a process that occurs after eating, but it is not semantically equivalent to 'feel pleasure,' which is the accepted answer. The accepted answer describes a subjective experience, while the model answer describes a physiological process.","{""verdict"":""incorrect"",""confidence"":""high"",""reason"":""The model answer 'digestion' refers to a process that occurs after eating, but it is not semantically equivalent to 'feel pleasure,' which is the accepted answer. The accepted answer describes a subjective experience, while the model answer describes a physiological process.""}","{""verdict"":""incorrect"",""confidence"":""high"",""reason"":""The model answer 'digestion' refers to a process that occurs after eating, but it is not semantically equivalent to 'feel pleasure,' which is the accepted answer. The accepted answer describes a subjective experience, while the model answer describes a physiological process.""}",False,False
ex_00941_c61790eb63ff6652b878ca051493c07d,Where do you keep a pail in your house?,A,['utility room'],incorrect,low,"{""verdict"":""incorrect"",""confidence"":""high"",""reason"":""The model answer 'A' is not semantically equivalent to the accepted answer 'utility room' and does not provide a valid answer to the question 'Where do you keep a pail in your house?'""}
}","{""verdict"":""incorrect"",""confidence"":""high"",""reason"":""The model answer 'A' is not semantically equivalent to the accepted answer 'utility room' and does not provide a valid answer to the question 'Where do you keep a pail in your house?'""}
}","{""verdict"":""incorrect"",""confidence"":""high"",""reason"":""The model answer 'A' is not semantically equivalent to the accepted answer 'utility room' and does not provide a valid answer to the question 'Where do you keep a pail in your house?'""}
}",False,False
ex_00960_c3890d43b84635d9e61c007ca2521d5b,What do people do for food?,A,['kill animals'],incorrect,low,"{""verdict"":""incorrect"",""confidence"":""high"",""reason"":""The model answer 'A' is not semantically equivalent to the accepted answer 'kill animals' and does not provide a meaningful response to the question 'What do people do for food?'""}
}","{""verdict"":""incorrect"",""confidence"":""high"",""reason"":""The model answer 'A' is not semantically equivalent to the accepted answer 'kill animals' and does not provide a meaningful response to the question 'What do people do for food?'""}
}","{""verdict"":""incorrect"",""confidence"":""high"",""reason"":""The model answer 'A' is not semantically equivalent to the accepted answer 'kill animals' and does not provide a meaningful response to the question 'What do people do for food?'""}
}",False,False
ex_00980_e9d4c747018ff81b8c0aefb5abc3c539,What do people need to do to change their lives?,B,['face problems'],incorrect,low,"{""verdict"":""incorrect"",""confidence"":""high"",""reason"":""The model answer 'B' is not semantically equivalent to the accepted answer 'face problems' and does not provide a meaningful response to the question 'What do people need to do to change their lives?'""}
}","{""verdict"":""incorrect"",""confidence"":""high"",""reason"":""The model answer 'B' is not semantically equivalent to the accepted answer 'face problems' and does not provide a meaningful response to the question 'What do people need to do to change their lives?'""}
}","{""verdict"":""incorrect"",""confidence"":""high"",""reason"":""The model answer 'B' is not semantically equivalent to the accepted answer 'face problems' and does not provide a meaningful response to the question 'What do people need to do to change their lives?'""}
}",False,False
ex_00985_32e2adee67aace0a98c830fb39463015,Nature creates more beautiful structures than those that are what?,A,['man made'],incorrect,high,The model answer 'A' is not semantically equivalent to the accepted answer 'man made' and does not convey the intended meaning of the question.,"{""verdict"":""incorrect"",""confidence"":""high"",""reason"":""The model answer 'A' is not semantically equivalent to the accepted answer 'man made' and does not convey the intended meaning of the question.""}","{""verdict"":""incorrect"",""confidence"":""high"",""reason"":""The model answer 'A' is not semantically equivalent to the accepted answer 'man made' and does not convey the intended meaning of the question.""}",False,False
ex_00990_159d50e325b59c6d29ec371500e173b4,What is a form of anaerobic exercising?,B,['run'],incorrect,high,"The model answer 'B' is not semantically equivalent to the accepted answer 'run' and does not represent a form of anaerobic exercising. 'Run' is a form of aerobic exercise, not anaerobic.","{""verdict"":""incorrect"",""confidence"":""high"",""reason"":""The model answer 'B' is not semantically equivalent to the accepted answer 'run' and does not represent a form of anaerobic exercising. 'Run' is a form of aerobic exercise, not anaerobic.""}","{""verdict"":""incorrect"",""confidence"":""high"",""reason"":""The model answer 'B' is not semantically equivalent to the accepted answer 'run' and does not represent a form of anaerobic exercising. 'Run' is a form of aerobic exercise, not anaerobic.""}",False,False
ex_00992_24eebfa678112100803da16dde148b2d,Where would you put a container can after you buy it?,A) pantry,['garage'],ambiguous,medium,"The accepted answer 'garage' is a valid place to store a container can, but 'pantry' is not a typical storage location for a container can. The model answer may be contextually incorrect, but the ambiguity arises because 'pantry' could be considered a place for storing food items, and 'container can' might be interpreted as a food container. Thus, the answer is not clearly equivalent to the accepted answer.","{""verdict"":""ambiguous"",""confidence"":""medium"",""reason"":""The accepted answer 'garage' is a valid place to store a container can, but 'pantry' is not a typical storage location for a container can. The model answer may be contextually incorrect, but the ambiguity arises because 'pantry' could be considered a place for storing food items, and 'container can' might be interpreted as a food container. Thus, the answer is not clearly equivalent to the accepted answer.""}","{""verdict"":""ambiguous"",""confidence"":""medium"",""reason"":""The accepted answer 'garage' is a valid place to store a container can, but 'pantry' is not a typical storage location for a container can. The model answer may be contextually incorrect, but the ambiguity arises because 'pantry' could be considered a place for storing food items, and 'container can' might be interpreted as a food container. Thus, the answer is not clearly equivalent to the accepted answer.""}",False,False
ex_01009_3ed6391c539e6daa5b5fdb1b6d5d8ace,What does every person want?,C,['life partner'],incorrect,low,"{""verdict"":""incorrect"",""confidence"":""high"",""reason"":""The model answer 'C' is not semantically equivalent to the accepted answer 'life partner' and does not provide a meaningful answer to the question 'What does every person want?'""}
}","{""verdict"":""incorrect"",""confidence"":""high"",""reason"":""The model answer 'C' is not semantically equivalent to the accepted answer 'life partner' and does not provide a meaningful answer to the question 'What does every person want?'""}
}","{""verdict"":""incorrect"",""confidence"":""high"",""reason"":""The model answer 'C' is not semantically equivalent to the accepted answer 'life partner' and does not provide a meaningful answer to the question 'What does every person want?'""}
}",False,False
ex_01012_9402864beae075392d2ee6c10115fc21,What could go to a tennis court?,E) park,['athletic club'],ambiguous,medium,"The accepted answer 'athletic club' is not semantically equivalent to 'park'. While a park might have a tennis court, it is not a direct alias or equivalent to an athletic club. The model answer is partially correct but not clearly equivalent to the accepted answer.","{""verdict"":""ambiguous"",""confidence"":""medium"",""reason"":""The accepted answer 'athletic club' is not semantically equivalent to 'park'. While a park might have a tennis court, it is not a direct alias or equivalent to an athletic club. The model answer is partially correct but not clearly equivalent to the accepted answer.""}","{""verdict"":""ambiguous"",""confidence"":""medium"",""reason"":""The accepted answer 'athletic club' is not semantically equivalent to 'park'. While a park might have a tennis court, it is not a direct alias or equivalent to an athletic club. The model answer is partially correct but not clearly equivalent to the accepted answer.""}",False,False
ex_01016_7ae17f5aecacf18c94a47cc48deb6c36,"If you were looking for a blowfish, you wouldn't look on dry land, you'd look in a what?",C,['body of water'],incorrect,high,"The model answer 'C' is not semantically equivalent to the accepted answer 'body of water' and does not provide a valid answer to the question. The correct answer is a specific type of body of water, not the letter 'C'.","{""verdict"":""incorrect"",""confidence"":""high"",""reason"":""The model answer 'C' is not semantically equivalent to the accepted answer 'body of water' and does not provide a valid answer to the question. The correct answer is a specific type of body of water, not the letter 'C'.""}","{""verdict"":""incorrect"",""confidence"":""high"",""reason"":""The model answer 'C' is not semantically equivalent to the accepted answer 'body of water' and does not provide a valid answer to the question. The correct answer is a specific type of body of water, not the letter 'C'.""}",False,False
ex_01030_064c3074a682893d49c3c5b4f1e89984,What does impeachment mean for the president?,A,['trouble'],incorrect,high,The model answer 'A' is not semantically equivalent to the accepted answer 'trouble' and does not provide a meaningful explanation of what impeachment means for the president.,"{""verdict"":""incorrect"",""confidence"":""high"",""reason"":""The model answer 'A' is not semantically equivalent to the accepted answer 'trouble' and does not provide a meaningful explanation of what impeachment means for the president.""}","{""verdict"":""incorrect"",""confidence"":""high"",""reason"":""The model answer 'A' is not semantically equivalent to the accepted answer 'trouble' and does not provide a meaningful explanation of what impeachment means for the president.""}",False,False
ex_01032_35ad89c198d5d6311a71c993bb7b6cba,Spraining an ankle while playing baseball will cause what?,C,['pain'],incorrect,high,The model answer 'C' is not semantically equivalent to the accepted answer 'pain' and does not provide a valid answer to the question about the effect of spraining an ankle while playing baseball.,"{""verdict"":""incorrect"",""confidence"":""high"",""reason"":""The model answer 'C' is not semantically equivalent to the accepted answer 'pain' and does not provide a valid answer to the question about the effect of spraining an ankle while playing baseball.""}","{""verdict"":""incorrect"",""confidence"":""high"",""reason"":""The model answer 'C' is not semantically equivalent to the accepted answer 'pain' and does not provide a valid answer to the question about the effect of spraining an ankle while playing baseball.""}",False,False
ex_01041_d0c67c7ae6f2361fe237110455127866,What region of a west coast U.S. city would you find a Japanese restaurant?,A,['downtown'],incorrect,high,The model answer 'A' is not semantically equivalent to the accepted answer 'downtown' and does not provide a meaningful region of a west coast U.S. city where a Japanese restaurant would be found.,"{""verdict"":""incorrect"",""confidence"":""high"",""reason"":""The model answer 'A' is not semantically equivalent to the accepted answer 'downtown' and does not provide a meaningful region of a west coast U.S. city where a Japanese restaurant would be found.""}","{""verdict"":""incorrect"",""confidence"":""high"",""reason"":""The model answer 'A' is not semantically equivalent to the accepted answer 'downtown' and does not provide a meaningful region of a west coast U.S. city where a Japanese restaurant would be found.""}",False,False
ex_01059_3338109fcafaaa370c8900a53e1b3ed8,"The flasks was used to distill elements, where was is being used?",A,['chemistry lab'],incorrect,high,The model answer 'A' is not semantically equivalent to the accepted answer 'chemistry lab' and does not provide the correct location where flasks are used for distilling elements.,"{""verdict"":""incorrect"",""confidence"":""high"",""reason"":""The model answer 'A' is not semantically equivalent to the accepted answer 'chemistry lab' and does not provide the correct location where flasks are used for distilling elements.""}","{""verdict"":""incorrect"",""confidence"":""high"",""reason"":""The model answer 'A' is not semantically equivalent to the accepted answer 'chemistry lab' and does not provide the correct location where flasks are used for distilling elements.""}",False,False
ex_01130_ca60a46c9007e4b6213f50bfb5342fdd,If you own a cat where is the last place you'd want to find it?,A) trouble,"[""dog's mouth""]",ambiguous,medium,"The accepted answer 'dog's mouth' refers to a specific location, while 'trouble' is a more abstract concept and not semantically equivalent. The model answer is not clearly equivalent to the accepted answer, making the verdict ambiguous.","{""verdict"":""ambiguous"",""confidence"":""medium"",""reason"":""The accepted answer 'dog's mouth' refers to a specific location, while 'trouble' is a more abstract concept and not semantically equivalent. The model answer is not clearly equivalent to the accepted answer, making the verdict ambiguous.""}","{""verdict"":""ambiguous"",""confidence"":""medium"",""reason"":""The accepted answer 'dog's mouth' refers to a specific location, while 'trouble' is a more abstract concept and not semantically equivalent. The model answer is not clearly equivalent to the accepted answer, making the verdict ambiguous.""}",False,False
ex_01133_f7735d721dfdc94621154951d4eaa4cf,"She feared that she had cancer, but upon discovering truth that she hadn't, what was her attitude toward life?",D) relief,['happiness'],ambiguous,medium,"The accepted answer 'happiness' is semantically related to 'relief,' but 'relief' is a more specific emotional response to the revelation that cancer was not present, while 'happiness' is a broader term that could encompass a range of positive emotions. The model answer is partially correct but not clearly equivalent to the accepted answer.","{""verdict"":""ambiguous"",""confidence"":""medium"",""reason"":""The accepted answer 'happiness' is semantically related to 'relief,' but 'relief' is a more specific emotional response to the revelation that cancer was not present, while 'happiness' is a broader term that could encompass a range of positive emotions. The model answer is partially correct but not clearly equivalent to the accepted answer.""}","{""verdict"":""ambiguous"",""confidence"":""medium"",""reason"":""The accepted answer 'happiness' is semantically related to 'relief,' but 'relief' is a more specific emotional response to the revelation that cancer was not present, while 'happiness' is a broader term that could encompass a range of positive emotions. The model answer is partially correct but not clearly equivalent to the accepted answer.""}",False,False
ex_01139_611a4cc0e288b8a11afa923f48cb2ab4,When did mammoth's live?,D,['ancient times'],ambiguous,medium,"The model answer 'D' is incomplete and does not clearly correspond to 'ancient times' in a semantically equivalent way. 'D' could refer to a specific date, letter, or other entity, but without additional context, it is ambiguous and not clearly equivalent to the accepted answer.","{""verdict"":""ambiguous"",""confidence"":""medium"",""reason"":""The model answer 'D' is incomplete and does not clearly correspond to 'ancient times' in a semantically equivalent way. 'D' could refer to a specific date, letter, or other entity, but without additional context, it is ambiguous and not clearly equivalent to the accepted answer.""}","{""verdict"":""ambiguous"",""confidence"":""medium"",""reason"":""The model answer 'D' is incomplete and does not clearly correspond to 'ancient times' in a semantically equivalent way. 'D' could refer to a specific date, letter, or other entity, but without additional context, it is ambiguous and not clearly equivalent to the accepted answer.""}",False,False
ex_01208_08d3175de59a639be02f2ebc032d56bd,Where would you find many varieties of plants including a rosebush?,A) Kew,['beautiful garden'],ambiguous,medium,"'Kew' refers to Kew Gardens, which is a well-known garden with many varieties of plants including rosebushes. However, 'Kew' alone is not semantically equivalent to 'beautiful garden' as it is a specific location, while 'beautiful garden' is a more general term. The model answer is partially correct but not clearly equivalent to the accepted answer.","{""verdict"":""ambiguous"",""confidence"":""medium"",""reason"":""'Kew' refers to Kew Gardens, which is a well-known garden with many varieties of plants including rosebushes. However, 'Kew' alone is not semantically equivalent to 'beautiful garden' as it is a specific location, while 'beautiful garden' is a more general term. The model answer is partially correct but not clearly equivalent to the accepted answer.""}","{""verdict"":""ambiguous"",""confidence"":""medium"",""reason"":""'Kew' refers to Kew Gardens, which is a well-known garden with many varieties of plants including rosebushes. However, 'Kew' alone is not semantically equivalent to 'beautiful garden' as it is a specific location, while 'beautiful garden' is a more general term. The model answer is partially correct but not clearly equivalent to the accepted answer.""}",False,False
ex_01211_1fe90a4aee405e1aa2279442d28803ae,What are cats often known for?,A,['sharp claws'],incorrect,high,The model answer 'A' is not semantically equivalent to the accepted answer 'sharp claws' and does not provide any meaningful information related to what cats are often known for.,"{""verdict"":""incorrect"",""confidence"":""high"",""reason"":""The model answer 'A' is not semantically equivalent to the accepted answer 'sharp claws' and does not provide any meaningful information related to what cats are often known for.""}","{""verdict"":""incorrect"",""confidence"":""high"",""reason"":""The model answer 'A' is not semantically equivalent to the accepted answer 'sharp claws' and does not provide any meaningful information related to what cats are often known for.""}",False,False
